subject,description,createdon,duedate,startdate,enddate,statecode,statuscode
"Sample Appointment Subject 1","Sample Appointment Description1",03-13-2018,05-01-2018,05-01-2018 11:45,05-01-2018 12:15,Completed,Completed
"Sample Appointment Subject 2","Sample Appointment Description2",09-27-2017,12-03-2017,12-03-2017 13:45,12-03-2017 14:15,Completed,Completed
"Sample Appointment Subject 3","Sample Appointment Description3",12-11-2017,01-15-2018,01-15-2018 14:30:00,01-15-2018 15:00:00,Completed,Completed
"Sample Appointment Subject 4","Sample Appointment Description4",03-24-2014,05-23-2014,05-23-2014 10:00:00,05-23-2014 10:30:00,Completed,Completed
"Sample Appointment Subject 5","Sample Appointment Description5",10-25-2009,10-29-2009,10-29-2009 10:15:00,10-29-2009 10:45:00,Completed,Completed
"Sample Appointment Subject 6","Sample Appointment Description6",08-30-2023,09-26-2023,09-26-2023 13:15:00,09-26-2023 13:45:00,Completed,Completed
"Sample Appointment Subject 7","Sample Appointment Description7",12-07-2006,01-09-2007,01-09-2007 14:00,01-09-2007 14:30,Completed,Completed
"Sample Appointment Subject 8","Sample Appointment Description8",07-20-2018,10-04-2018,10-04-2018 11:00,10-04-2018 11:30,Completed,Completed
"Sample Appointment Subject 9","Sample Appointment Description9",09-17-2023,10-07-2023,10-07-2023 14:15,10-07-2023 14:45,Completed,Completed
"Sample Appointment Subject 10","Sample Appointment Description10",01-20-2018,02-24-2018,02-24-2018 11:15:00,02-24-2018 11:45:00,Completed,Completed
"Sample Appointment Subject 11","Sample Appointment Description11",11-27-2010,01-31-2011,01-31-2011 14:30:00,01-31-2011 15:00:00,Completed,Completed
"Sample Appointment Subject 12","Sample Appointment Description12",02-05-2022,03-31-2022,03-31-2022 11:30:00,03-31-2022 12:00:00,Completed,Completed
"Sample Appointment Subject 13","Sample Appointment Description13",05-28-2003,08-03-2003,08-03-2003 11:30,08-03-2003 12:00,Completed,Completed
"Sample Appointment Subject 14","Sample Appointment Description14",03-29-2010,05-12-2010,05-12-2010 11:45,05-12-2010 12:15,Completed,Completed
"Sample Appointment Subject 15","Sample Appointment Description15",11-29-2019,01-31-2020,01-31-2020 11:45:00,01-31-2020 12:15:00,Completed,Completed
"Sample Appointment Subject 16","Sample Appointment Description16",12-10-2008,03-08-2009,03-08-2009 14:00,03-08-2009 14:30,Completed,Completed
"Sample Appointment Subject 17","Sample Appointment Description17",03-17-2010,03-23-2010,03-23-2010 14:00:00,03-23-2010 14:30:00,Completed,Completed
"Sample Appointment Subject 18","Sample Appointment Description18",10-16-2015,12-10-2015,12-10-2015 10:15,12-10-2015 10:45,Completed,Completed
"Sample Appointment Subject 19","Sample Appointment Description19",07-19-2020,10-06-2020,10-06-2020 11:00,10-06-2020 11:30,Completed,Completed
"Sample Appointment Subject 20","Sample Appointment Description20",12-08-2004,01-07-2005,01-07-2005 12:45,01-07-2005 13:15,Completed,Completed
"Sample Appointment Subject 21","Sample Appointment Description21",12-17-2006,02-22-2007,02-22-2007 12:00:00,02-22-2007 12:30:00,Completed,Completed
"Sample Appointment Subject 22","Sample Appointment Description22",01-12-2019,03-07-2019,03-07-2019 13:30,03-07-2019 14:00,Completed,Completed
"Sample Appointment Subject 23","Sample Appointment Description23",11-06-2013,12-08-2013,12-08-2013 11:45,12-08-2013 12:15,Completed,Completed
"Sample Appointment Subject 24","Sample Appointment Description24",10-28-2011,01-09-2012,01-09-2012 12:45,01-09-2012 13:15,Completed,Completed
"Sample Appointment Subject 25","Sample Appointment Description25",12-06-2021,12-31-2021,12-31-2021 12:00:00,12-31-2021 12:30:00,Completed,Completed
"Sample Appointment Subject 26","Sample Appointment Description26",12-21-2012,02-19-2013,02-19-2013 10:30:00,02-19-2013 11:00:00,Completed,Completed
"Sample Appointment Subject 27","Sample Appointment Description27",09-22-2021,12-08-2021,12-08-2021 10:15,12-08-2021 10:45,Completed,Completed
"Sample Appointment Subject 28","Sample Appointment Description28",01-26-2019,04-11-2019,04-11-2019 11:30,04-11-2019 12:00,Completed,Completed
"Sample Appointment Subject 29","Sample Appointment Description29",08-31-2022,10-31-2022,10-31-2022 11:30:00,10-31-2022 12:00:00,Completed,Completed
"Sample Appointment Subject 30","Sample Appointment Description30",04-01-2017,05-03-2017,05-03-2017 10:00,05-03-2017 10:30,Completed,Completed
"Sample Appointment Subject 31","Sample Appointment Description31",02-12-2019,05-01-2019,05-01-2019 14:30,05-01-2019 15:00,Completed,Completed
"Sample Appointment Subject 32","Sample Appointment Description32",08-14-2010,10-19-2010,10-19-2010 14:30:00,10-19-2010 15:00:00,Completed,Completed
"Sample Appointment Subject 33","Sample Appointment Description33",07-03-2024,09-05-2024,09-05-2024 11:45,09-05-2024 12:15,Completed,Completed
"Sample Appointment Subject 34","Sample Appointment Description34",09-23-2023,12-17-2023,12-17-2023 10:15:00,12-17-2023 10:45:00,Completed,Completed
"Sample Appointment Subject 35","Sample Appointment Description35",10-11-2006,12-20-2006,12-20-2006 13:00:00,12-20-2006 13:30:00,Completed,Completed
"Sample Appointment Subject 36","Sample Appointment Description36",10-08-2011,12-06-2011,12-06-2011 12:00,12-06-2011 12:30,Completed,Completed
"Sample Appointment Subject 37","Sample Appointment Description37",10-31-2006,11-25-2006,11-25-2006 10:45:00,11-25-2006 11:15:00,Completed,Completed
"Sample Appointment Subject 38","Sample Appointment Description38",09-28-2016,12-07-2016,12-07-2016 14:00,12-07-2016 14:30,Completed,Completed
"Sample Appointment Subject 39","Sample Appointment Description39",02-11-2022,05-06-2022,05-06-2022 11:00,05-06-2022 11:30,Completed,Completed
"Sample Appointment Subject 40","Sample Appointment Description40",08-27-2006,11-22-2006,11-22-2006 14:00:00,11-22-2006 14:30:00,Completed,Completed
"Sample Appointment Subject 41","Sample Appointment Description41",05-05-2019,06-11-2019,06-11-2019 14:00,06-11-2019 14:30,Completed,Completed
"Sample Appointment Subject 42","Sample Appointment Description42",06-18-2015,06-24-2015,06-24-2015 12:00:00,06-24-2015 12:30:00,Completed,Completed
"Sample Appointment Subject 43","Sample Appointment Description43",05-10-2021,06-17-2021,06-17-2021 13:45:00,06-17-2021 14:15:00,Completed,Completed
"Sample Appointment Subject 44","Sample Appointment Description44",04-10-2007,05-07-2007,05-07-2007 13:45,05-07-2007 14:15,Completed,Completed
"Sample Appointment Subject 45","Sample Appointment Description45",02-17-2018,04-24-2018,04-24-2018 14:00:00,04-24-2018 14:30:00,Completed,Completed
"Sample Appointment Subject 46","Sample Appointment Description46",03-15-2024,05-10-2024,05-10-2024 11:00,05-10-2024 11:30,Completed,Completed
"Sample Appointment Subject 47","Sample Appointment Description47",09-13-2006,11-27-2006,11-27-2006 14:15:00,11-27-2006 14:45:00,Completed,Completed
"Sample Appointment Subject 48","Sample Appointment Description48",04-25-2019,05-27-2019,05-27-2019 10:45:00,05-27-2019 11:15:00,Completed,Completed
"Sample Appointment Subject 49","Sample Appointment Description49",03-19-2014,03-20-2014,03-20-2014 14:15:00,03-20-2014 14:45:00,Completed,Completed
"Sample Appointment Subject 50","Sample Appointment Description50",01-11-2011,03-31-2011,03-31-2011 13:15:00,03-31-2011 13:45:00,Completed,Completed
"Sample Appointment Subject 51","Sample Appointment Description51",08-02-2003,10-24-2003,10-24-2003 12:00:00,10-24-2003 12:30:00,Completed,Completed
"Sample Appointment Subject 52","Sample Appointment Description52",09-05-2005,10-22-2005,10-22-2005 11:15:00,10-22-2005 11:45:00,Completed,Completed
"Sample Appointment Subject 53","Sample Appointment Description53",06-30-2003,07-04-2003,07-04-2003 11:15,07-04-2003 11:45,Completed,Completed
"Sample Appointment Subject 54","Sample Appointment Description54",01-11-2024,02-25-2024,02-25-2024 13:45:00,02-25-2024 14:15:00,Completed,Completed
"Sample Appointment Subject 55","Sample Appointment Description55",10-18-2023,11-02-2023,11-02-2023 10:45,11-02-2023 11:15,Completed,Completed
"Sample Appointment Subject 56","Sample Appointment Description56",10-22-2013,11-10-2013,11-10-2013 12:15,11-10-2013 12:45,Completed,Completed
"Sample Appointment Subject 57","Sample Appointment Description57",07-26-2016,08-13-2016,08-13-2016 10:45:00,08-13-2016 11:15:00,Completed,Completed
"Sample Appointment Subject 58","Sample Appointment Description58",11-10-2007,11-16-2007,11-16-2007 13:45:00,11-16-2007 14:15:00,Completed,Completed
"Sample Appointment Subject 59","Sample Appointment Description59",06-25-2010,07-15-2010,07-15-2010 12:15:00,07-15-2010 12:45:00,Completed,Completed
"Sample Appointment Subject 60","Sample Appointment Description60",12-26-2004,03-14-2005,03-14-2005 14:15:00,03-14-2005 14:45:00,Completed,Completed
"Sample Appointment Subject 61","Sample Appointment Description61",05-25-2003,06-09-2003,06-09-2003 10:30,06-09-2003 11:00,Completed,Completed
"Sample Appointment Subject 62","Sample Appointment Description62",04-29-2019,07-20-2019,07-20-2019 10:45:00,07-20-2019 11:15:00,Completed,Completed
"Sample Appointment Subject 63","Sample Appointment Description63",10-17-2005,12-04-2005,12-04-2005 13:15,12-04-2005 13:45,Completed,Completed
"Sample Appointment Subject 64","Sample Appointment Description64",02-01-2018,04-22-2018,04-22-2018 10:30:00,04-22-2018 11:00:00,Completed,Completed
"Sample Appointment Subject 65","Sample Appointment Description65",12-30-2004,03-08-2005,03-08-2005 13:30,03-08-2005 14:00,Completed,Completed
"Sample Appointment Subject 66","Sample Appointment Description66",09-24-2016,11-13-2016,11-13-2016 11:45:00,11-13-2016 12:15:00,Completed,Completed
"Sample Appointment Subject 67","Sample Appointment Description67",11-19-2014,01-13-2015,01-13-2015 13:45:00,01-13-2015 14:15:00,Completed,Completed
"Sample Appointment Subject 68","Sample Appointment Description68",10-19-2005,12-03-2005,12-03-2005 12:15,12-03-2005 12:45,Completed,Completed
"Sample Appointment Subject 69","Sample Appointment Description69",07-04-2014,08-19-2014,08-19-2014 14:00:00,08-19-2014 14:30:00,Completed,Completed
"Sample Appointment Subject 70","Sample Appointment Description70",01-23-2017,01-30-2017,01-30-2017 11:00:00,01-30-2017 11:30:00,Completed,Completed
"Sample Appointment Subject 71","Sample Appointment Description71",10-14-2008,12-15-2008,12-15-2008 12:15:00,12-15-2008 12:45:00,Completed,Completed
"Sample Appointment Subject 72","Sample Appointment Description72",01-23-2003,03-17-2003,03-17-2003 10:30:00,03-17-2003 11:00:00,Completed,Completed
"Sample Appointment Subject 73","Sample Appointment Description73",01-04-2013,01-31-2013,01-31-2013 11:00:00,01-31-2013 11:30:00,Completed,Completed
"Sample Appointment Subject 74","Sample Appointment Description74",10-31-2006,01-11-2007,01-11-2007 11:30,01-11-2007 12:00,Completed,Completed
"Sample Appointment Subject 75","Sample Appointment Description75",11-13-2019,12-21-2019,12-21-2019 13:15:00,12-21-2019 13:45:00,Completed,Completed
"Sample Appointment Subject 76","Sample Appointment Description76",12-05-2022,02-14-2023,02-14-2023 11:30:00,02-14-2023 12:00:00,Completed,Completed
"Sample Appointment Subject 77","Sample Appointment Description77",12-16-2008,01-07-2009,01-07-2009 13:30,01-07-2009 14:00,Completed,Completed
"Sample Appointment Subject 78","Sample Appointment Description78",01-17-2012,02-13-2012,02-13-2012 11:00:00,02-13-2012 11:30:00,Completed,Completed
"Sample Appointment Subject 79","Sample Appointment Description79",02-18-2004,04-02-2004,04-02-2004 12:30,04-02-2004 13:00,Completed,Completed
"Sample Appointment Subject 80","Sample Appointment Description80",03-24-2004,04-04-2004,04-04-2004 10:15,04-04-2004 10:45,Completed,Completed
"Sample Appointment Subject 81","Sample Appointment Description81",07-09-2022,09-14-2022,09-14-2022 12:00:00,09-14-2022 12:30:00,Completed,Completed
"Sample Appointment Subject 82","Sample Appointment Description82",02-29-2024,05-17-2024,05-17-2024 11:30:00,05-17-2024 12:00:00,Completed,Completed
"Sample Appointment Subject 83","Sample Appointment Description83",09-18-2006,10-14-2006,10-14-2006 13:00:00,10-14-2006 13:30:00,Completed,Completed
"Sample Appointment Subject 84","Sample Appointment Description84",09-16-2016,12-14-2016,12-14-2016 10:30:00,12-14-2016 11:00:00,Completed,Completed
"Sample Appointment Subject 85","Sample Appointment Description85",02-03-2022,03-05-2022,03-05-2022 13:30,03-05-2022 14:00,Completed,Completed
"Sample Appointment Subject 86","Sample Appointment Description86",07-10-2019,09-03-2019,09-03-2019 13:15,09-03-2019 13:45,Completed,Completed
"Sample Appointment Subject 87","Sample Appointment Description87",05-28-2011,06-08-2011,06-08-2011 13:15,06-08-2011 13:45,Completed,Completed
"Sample Appointment Subject 88","Sample Appointment Description88",03-25-2020,03-28-2020,03-28-2020 13:45:00,03-28-2020 14:15:00,Completed,Completed
"Sample Appointment Subject 89","Sample Appointment Description89",03-19-2008,05-23-2008,05-23-2008 13:45:00,05-23-2008 14:15:00,Completed,Completed
"Sample Appointment Subject 90","Sample Appointment Description90",03-21-2015,06-18-2015,06-18-2015 10:00:00,06-18-2015 10:30:00,Completed,Completed
"Sample Appointment Subject 91","Sample Appointment Description91",06-12-2009,07-24-2009,07-24-2009 12:15:00,07-24-2009 12:45:00,Completed,Completed
"Sample Appointment Subject 92","Sample Appointment Description92",09-01-2019,10-23-2019,10-23-2019 11:00:00,10-23-2019 11:30:00,Completed,Completed
"Sample Appointment Subject 93","Sample Appointment Description93",07-04-2011,07-08-2011,07-08-2011 10:45,07-08-2011 11:15,Completed,Completed
"Sample Appointment Subject 94","Sample Appointment Description94",11-08-2019,11-18-2019,11-18-2019 13:30:00,11-18-2019 14:00:00,Completed,Completed
"Sample Appointment Subject 95","Sample Appointment Description95",09-08-2006,10-30-2006,10-30-2006 13:15:00,10-30-2006 13:45:00,Completed,Completed
"Sample Appointment Subject 96","Sample Appointment Description96",10-31-2012,11-27-2012,11-27-2012 10:45:00,11-27-2012 11:15:00,Completed,Completed
"Sample Appointment Subject 97","Sample Appointment Description97",01-13-2010,04-02-2010,04-02-2010 12:30,04-02-2010 13:00,Completed,Completed
"Sample Appointment Subject 98","Sample Appointment Description98",04-25-2012,05-20-2012,05-20-2012 14:00:00,05-20-2012 14:30:00,Completed,Completed
"Sample Appointment Subject 99","Sample Appointment Description99",06-10-2008,07-02-2008,07-02-2008 14:45,07-02-2008 15:15,Completed,Completed
"Sample Appointment Subject 100","Sample Appointment Description100",01-05-2013,03-31-2013,03-31-2013 13:30:00,03-31-2013 14:00:00,Completed,Completed
"Sample Appointment Subject 101","Sample Appointment Description101",08-31-2011,10-27-2011,10-27-2011 11:15:00,10-27-2011 11:45:00,Completed,Completed
"Sample Appointment Subject 102","Sample Appointment Description102",01-01-2022,03-23-2022,03-23-2022 11:00:00,03-23-2022 11:30:00,Completed,Completed
"Sample Appointment Subject 103","Sample Appointment Description103",06-15-2003,07-22-2003,07-22-2003 14:15:00,07-22-2003 14:45:00,Completed,Completed
"Sample Appointment Subject 104","Sample Appointment Description104",07-28-2017,08-06-2017,08-06-2017 14:15,08-06-2017 14:45,Completed,Completed
"Sample Appointment Subject 105","Sample Appointment Description105",09-12-2012,12-02-2012,12-02-2012 12:15,12-02-2012 12:45,Completed,Completed
"Sample Appointment Subject 106","Sample Appointment Description106",04-20-2006,05-17-2006,05-17-2006 13:15:00,05-17-2006 13:45:00,Completed,Completed
"Sample Appointment Subject 107","Sample Appointment Description107",01-28-2020,03-25-2020,03-25-2020 14:15:00,03-25-2020 14:45:00,Completed,Completed
"Sample Appointment Subject 108","Sample Appointment Description108",12-31-2008,01-02-2009,01-02-2009 11:15,01-02-2009 11:45,Completed,Completed
"Sample Appointment Subject 109","Sample Appointment Description109",01-04-2020,03-10-2020,03-10-2020 14:00,03-10-2020 14:30,Completed,Completed
"Sample Appointment Subject 110","Sample Appointment Description110",10-29-2009,12-24-2009,12-24-2009 10:30:00,12-24-2009 11:00:00,Completed,Completed
"Sample Appointment Subject 111","Sample Appointment Description111",09-08-2019,10-11-2019,10-11-2019 14:15,10-11-2019 14:45,Completed,Completed
"Sample Appointment Subject 112","Sample Appointment Description112",08-18-2018,10-07-2018,10-07-2018 14:45,10-07-2018 15:15,Completed,Completed
"Sample Appointment Subject 113","Sample Appointment Description113",10-06-2007,12-18-2007,12-18-2007 10:30:00,12-18-2007 11:00:00,Completed,Completed
"Sample Appointment Subject 114","Sample Appointment Description114",03-13-2007,03-16-2007,03-16-2007 12:00:00,03-16-2007 12:30:00,Completed,Completed
"Sample Appointment Subject 115","Sample Appointment Description115",01-14-2012,04-12-2012,04-12-2012 12:30,04-12-2012 13:00,Completed,Completed
"Sample Appointment Subject 116","Sample Appointment Description116",03-30-2014,05-02-2014,05-02-2014 14:45,05-02-2014 15:15,Completed,Completed
"Sample Appointment Subject 117","Sample Appointment Description117",11-02-2010,12-19-2010,12-19-2010 11:00:00,12-19-2010 11:30:00,Completed,Completed
"Sample Appointment Subject 118","Sample Appointment Description118",09-21-2007,12-16-2007,12-16-2007 13:00:00,12-16-2007 13:30:00,Completed,Completed
"Sample Appointment Subject 119","Sample Appointment Description119",12-15-2005,03-04-2006,03-04-2006 11:30,03-04-2006 12:00,Completed,Completed
"Sample Appointment Subject 120","Sample Appointment Description120",03-04-2016,04-16-2016,04-16-2016 11:45:00,04-16-2016 12:15:00,Completed,Completed
"Sample Appointment Subject 121","Sample Appointment Description121",05-03-2023,07-29-2023,07-29-2023 11:15:00,07-29-2023 11:45:00,Completed,Completed
"Sample Appointment Subject 122","Sample Appointment Description122",10-21-2021,11-17-2021,11-17-2021 11:30:00,11-17-2021 12:00:00,Completed,Completed
"Sample Appointment Subject 123","Sample Appointment Description123",11-05-2015,12-04-2015,12-04-2015 12:15,12-04-2015 12:45,Completed,Completed
"Sample Appointment Subject 124","Sample Appointment Description124",02-21-2007,05-07-2007,05-07-2007 12:00,05-07-2007 12:30,Completed,Completed
"Sample Appointment Subject 125","Sample Appointment Description125",12-13-2022,01-02-2023,01-02-2023 11:30,01-02-2023 12:00,Completed,Completed
"Sample Appointment Subject 126","Sample Appointment Description126",08-06-2005,10-23-2005,10-23-2005 11:30:00,10-23-2005 12:00:00,Completed,Completed
"Sample Appointment Subject 127","Sample Appointment Description127",06-13-2023,08-04-2023,08-04-2023 11:00,08-04-2023 11:30,Completed,Completed
"Sample Appointment Subject 128","Sample Appointment Description128",01-06-2023,03-11-2023,03-11-2023 10:00,03-11-2023 10:30,Completed,Completed
"Sample Appointment Subject 129","Sample Appointment Description129",12-06-2021,02-21-2022,02-21-2022 14:00:00,02-21-2022 14:30:00,Completed,Completed
"Sample Appointment Subject 130","Sample Appointment Description130",12-06-2013,02-15-2014,02-15-2014 14:15:00,02-15-2014 14:45:00,Completed,Completed
"Sample Appointment Subject 131","Sample Appointment Description131",12-17-2012,12-23-2012,12-23-2012 10:30:00,12-23-2012 11:00:00,Completed,Completed
"Sample Appointment Subject 132","Sample Appointment Description132",09-28-2019,11-10-2019,11-10-2019 10:15,11-10-2019 10:45,Completed,Completed
"Sample Appointment Subject 133","Sample Appointment Description133",01-30-2015,02-25-2015,02-25-2015 13:30:00,02-25-2015 14:00:00,Completed,Completed
"Sample Appointment Subject 134","Sample Appointment Description134",02-11-2007,04-09-2007,04-09-2007 10:30,04-09-2007 11:00,Completed,Completed
"Sample Appointment Subject 135","Sample Appointment Description135",10-23-2006,12-05-2006,12-05-2006 13:45,12-05-2006 14:15,Completed,Completed
"Sample Appointment Subject 136","Sample Appointment Description136",09-19-2022,09-24-2022,09-24-2022 12:00:00,09-24-2022 12:30:00,Completed,Completed
"Sample Appointment Subject 137","Sample Appointment Description137",01-23-2021,04-23-2021,04-23-2021 11:00:00,04-23-2021 11:30:00,Completed,Completed
"Sample Appointment Subject 138","Sample Appointment Description138",11-23-2020,12-02-2020,12-02-2020 13:00,12-02-2020 13:30,Completed,Completed
"Sample Appointment Subject 139","Sample Appointment Description139",02-24-2004,04-02-2004,04-02-2004 12:30,04-02-2004 13:00,Completed,Completed
"Sample Appointment Subject 140","Sample Appointment Description140",07-27-2010,09-24-2010,09-24-2010 12:00:00,09-24-2010 12:30:00,Completed,Completed
"Sample Appointment Subject 141","Sample Appointment Description141",06-20-2017,09-02-2017,09-02-2017 13:15,09-02-2017 13:45,Completed,Completed
"Sample Appointment Subject 142","Sample Appointment Description142",07-07-2022,07-22-2022,07-22-2022 12:30:00,07-22-2022 13:00:00,Completed,Completed
"Sample Appointment Subject 143","Sample Appointment Description143",09-27-2019,11-09-2019,11-09-2019 14:30,11-09-2019 15:00,Completed,Completed
"Sample Appointment Subject 144","Sample Appointment Description144",03-04-2015,05-08-2015,05-08-2015 14:15,05-08-2015 14:45,Completed,Completed
"Sample Appointment Subject 145","Sample Appointment Description145",06-26-2014,09-01-2014,09-01-2014 13:00,09-01-2014 13:30,Completed,Completed
"Sample Appointment Subject 146","Sample Appointment Description146",02-27-2023,05-24-2023,05-24-2023 13:00:00,05-24-2023 13:30:00,Completed,Completed
"Sample Appointment Subject 147","Sample Appointment Description147",02-24-2019,05-08-2019,05-08-2019 10:15,05-08-2019 10:45,Completed,Completed
"Sample Appointment Subject 148","Sample Appointment Description148",01-11-2017,01-15-2017,01-15-2017 13:00:00,01-15-2017 13:30:00,Completed,Completed
"Sample Appointment Subject 149","Sample Appointment Description149",03-29-2009,06-01-2009,06-01-2009 12:45,06-01-2009 13:15,Completed,Completed
"Sample Appointment Subject 150","Sample Appointment Description150",04-07-2013,06-25-2013,06-25-2013 14:45:00,06-25-2013 15:15:00,Completed,Completed
"Sample Appointment Subject 151","Sample Appointment Description151",03-15-2021,04-02-2021,04-02-2021 12:15,04-02-2021 12:45,Completed,Completed
"Sample Appointment Subject 152","Sample Appointment Description152",12-14-2019,02-13-2020,02-13-2020 11:00:00,02-13-2020 11:30:00,Completed,Completed
"Sample Appointment Subject 153","Sample Appointment Description153",12-27-2006,03-20-2007,03-20-2007 12:00:00,03-20-2007 12:30:00,Completed,Completed
"Sample Appointment Subject 154","Sample Appointment Description154",04-07-2006,07-03-2006,07-03-2006 13:00,07-03-2006 13:30,Completed,Completed
"Sample Appointment Subject 155","Sample Appointment Description155",08-26-2004,11-21-2004,11-21-2004 12:15:00,11-21-2004 12:45:00,Completed,Completed
"Sample Appointment Subject 156","Sample Appointment Description156",12-31-2015,02-01-2016,02-01-2016 10:45,02-01-2016 11:15,Completed,Completed
"Sample Appointment Subject 157","Sample Appointment Description157",07-11-2015,07-12-2015,07-12-2015 13:30,07-12-2015 14:00,Completed,Completed
"Sample Appointment Subject 158","Sample Appointment Description158",08-23-2021,10-09-2021,10-09-2021 12:45,10-09-2021 13:15,Completed,Completed
"Sample Appointment Subject 159","Sample Appointment Description159",08-20-2015,09-03-2015,09-03-2015 10:00,09-03-2015 10:30,Completed,Completed
"Sample Appointment Subject 160","Sample Appointment Description160",04-23-2021,06-22-2021,06-22-2021 14:30:00,06-22-2021 15:00:00,Completed,Completed
"Sample Appointment Subject 161","Sample Appointment Description161",02-19-2018,02-21-2018,02-21-2018 13:15:00,02-21-2018 13:45:00,Completed,Completed
"Sample Appointment Subject 162","Sample Appointment Description162",03-14-2024,04-13-2024,04-13-2024 14:15:00,04-13-2024 14:45:00,Completed,Completed
"Sample Appointment Subject 163","Sample Appointment Description163",12-08-2010,12-12-2010,12-12-2010 12:00,12-12-2010 12:30,Completed,Completed
"Sample Appointment Subject 164","Sample Appointment Description164",03-07-2016,05-22-2016,05-22-2016 12:45:00,05-22-2016 13:15:00,Completed,Completed
"Sample Appointment Subject 165","Sample Appointment Description165",10-14-2019,11-21-2019,11-21-2019 13:30:00,11-21-2019 14:00:00,Completed,Completed
"Sample Appointment Subject 166","Sample Appointment Description166",06-17-2012,09-05-2012,09-05-2012 13:45,09-05-2012 14:15,Completed,Completed
"Sample Appointment Subject 167","Sample Appointment Description167",07-01-2012,09-20-2012,09-20-2012 10:45:00,09-20-2012 11:15:00,Completed,Completed
"Sample Appointment Subject 168","Sample Appointment Description168",10-10-2017,11-26-2017,11-26-2017 13:00:00,11-26-2017 13:30:00,Completed,Completed
"Sample Appointment Subject 169","Sample Appointment Description169",12-25-2008,02-25-2009,02-25-2009 11:45:00,02-25-2009 12:15:00,Completed,Completed
"Sample Appointment Subject 170","Sample Appointment Description170",04-27-2012,06-30-2012,06-30-2012 10:45:00,06-30-2012 11:15:00,Completed,Completed
"Sample Appointment Subject 171","Sample Appointment Description171",12-31-2017,02-19-2018,02-19-2018 11:45:00,02-19-2018 12:15:00,Completed,Completed
"Sample Appointment Subject 172","Sample Appointment Description172",06-30-2019,08-22-2019,08-22-2019 13:30:00,08-22-2019 14:00:00,Completed,Completed
"Sample Appointment Subject 173","Sample Appointment Description173",06-23-2014,08-08-2014,08-08-2014 11:45,08-08-2014 12:15,Completed,Completed
"Sample Appointment Subject 174","Sample Appointment Description174",10-18-2015,01-15-2016,01-15-2016 10:45:00,01-15-2016 11:15:00,Completed,Completed
"Sample Appointment Subject 175","Sample Appointment Description175",08-27-2009,10-04-2009,10-04-2009 12:45,10-04-2009 13:15,Completed,Completed
"Sample Appointment Subject 176","Sample Appointment Description176",08-09-2021,09-27-2021,09-27-2021 10:45:00,09-27-2021 11:15:00,Completed,Completed
"Sample Appointment Subject 177","Sample Appointment Description177",02-21-2003,03-18-2003,03-18-2003 11:30:00,03-18-2003 12:00:00,Completed,Completed
"Sample Appointment Subject 178","Sample Appointment Description178",12-03-2017,01-30-2018,01-30-2018 10:30:00,01-30-2018 11:00:00,Completed,Completed
"Sample Appointment Subject 179","Sample Appointment Description179",11-15-2016,12-25-2016,12-25-2016 13:30:00,12-25-2016 14:00:00,Completed,Completed
"Sample Appointment Subject 180","Sample Appointment Description180",07-07-2019,07-23-2019,07-23-2019 12:00:00,07-23-2019 12:30:00,Completed,Completed
"Sample Appointment Subject 181","Sample Appointment Description181",08-16-2021,08-23-2021,08-23-2021 12:30:00,08-23-2021 13:00:00,Completed,Completed
"Sample Appointment Subject 182","Sample Appointment Description182",03-28-2006,05-16-2006,05-16-2006 10:45:00,05-16-2006 11:15:00,Completed,Completed
"Sample Appointment Subject 183","Sample Appointment Description183",01-11-2023,02-16-2023,02-16-2023 12:45:00,02-16-2023 13:15:00,Completed,Completed
"Sample Appointment Subject 184","Sample Appointment Description184",03-04-2022,06-02-2022,06-02-2022 12:45,06-02-2022 13:15,Completed,Completed
"Sample Appointment Subject 185","Sample Appointment Description185",01-08-2016,02-28-2016,02-28-2016 13:00:00,02-28-2016 13:30:00,Completed,Completed
"Sample Appointment Subject 186","Sample Appointment Description186",11-02-2020,11-06-2020,11-06-2020 11:00,11-06-2020 11:30,Completed,Completed
"Sample Appointment Subject 187","Sample Appointment Description187",02-12-2024,02-18-2024,02-18-2024 14:30:00,02-18-2024 15:00:00,Completed,Completed
"Sample Appointment Subject 188","Sample Appointment Description188",07-14-2016,07-23-2016,07-23-2016 11:45:00,07-23-2016 12:15:00,Completed,Completed
"Sample Appointment Subject 189","Sample Appointment Description189",08-07-2009,10-25-2009,10-25-2009 11:00:00,10-25-2009 11:30:00,Completed,Completed
"Sample Appointment Subject 190","Sample Appointment Description190",12-27-2009,01-11-2010,01-11-2010 10:45,01-11-2010 11:15,Completed,Completed
"Sample Appointment Subject 191","Sample Appointment Description191",03-23-2018,03-25-2018,03-25-2018 14:45:00,03-25-2018 15:15:00,Completed,Completed
"Sample Appointment Subject 192","Sample Appointment Description192",02-10-2006,04-30-2006,04-30-2006 13:45:00,04-30-2006 14:15:00,Completed,Completed
"Sample Appointment Subject 193","Sample Appointment Description193",10-19-2006,11-19-2006,11-19-2006 12:30:00,11-19-2006 13:00:00,Completed,Completed
"Sample Appointment Subject 194","Sample Appointment Description194",03-09-2007,04-19-2007,04-19-2007 12:45:00,04-19-2007 13:15:00,Completed,Completed
"Sample Appointment Subject 195","Sample Appointment Description195",10-19-2017,12-22-2017,12-22-2017 14:00:00,12-22-2017 14:30:00,Completed,Completed
"Sample Appointment Subject 196","Sample Appointment Description196",04-19-2010,06-22-2010,06-22-2010 13:30:00,06-22-2010 14:00:00,Completed,Completed
"Sample Appointment Subject 197","Sample Appointment Description197",07-25-2007,10-02-2007,10-02-2007 10:45,10-02-2007 11:15,Completed,Completed
"Sample Appointment Subject 198","Sample Appointment Description198",11-01-2012,12-26-2012,12-26-2012 13:00:00,12-26-2012 13:30:00,Completed,Completed
"Sample Appointment Subject 199","Sample Appointment Description199",08-06-2003,08-19-2003,08-19-2003 13:15:00,08-19-2003 13:45:00,Completed,Completed
"Sample Appointment Subject 200","Sample Appointment Description200",08-19-2009,08-24-2009,08-24-2009 13:15:00,08-24-2009 13:45:00,Completed,Completed
"Sample Appointment Subject 201","Sample Appointment Description201",05-10-2010,07-15-2010,07-15-2010 11:15:00,07-15-2010 11:45:00,Completed,Completed
"Sample Appointment Subject 202","Sample Appointment Description202",05-03-2013,07-08-2013,07-08-2013 12:45,07-08-2013 13:15,Completed,Completed
"Sample Appointment Subject 203","Sample Appointment Description203",10-18-2022,12-08-2022,12-08-2022 11:30,12-08-2022 12:00,Completed,Completed
"Sample Appointment Subject 204","Sample Appointment Description204",08-08-2004,10-08-2004,10-08-2004 13:15,10-08-2004 13:45,Completed,Completed
"Sample Appointment Subject 205","Sample Appointment Description205",06-30-2024,11-08-2024,11-08-2024 12:15,11-08-2024 12:45,Completed,Completed
"Sample Appointment Subject 206","Sample Appointment Description206",05-16-2012,07-12-2012,07-12-2012 14:30,07-12-2012 15:00,Completed,Completed
"Sample Appointment Subject 207","Sample Appointment Description207",02-17-2005,05-08-2005,05-08-2005 13:30,05-08-2005 14:00,Completed,Completed
"Sample Appointment Subject 208","Sample Appointment Description208",04-15-2013,05-10-2013,05-10-2013 14:30,05-10-2013 15:00,Completed,Completed
"Sample Appointment Subject 209","Sample Appointment Description209",12-18-2006,01-22-2007,01-22-2007 12:45:00,01-22-2007 13:15:00,Completed,Completed
"Sample Appointment Subject 210","Sample Appointment Description210",06-28-2012,07-11-2012,07-11-2012 13:15,07-11-2012 13:45,Completed,Completed
"Sample Appointment Subject 211","Sample Appointment Description211",05-26-2018,06-03-2018,06-03-2018 10:30,06-03-2018 11:00,Completed,Completed
"Sample Appointment Subject 212","Sample Appointment Description212",02-19-2014,04-07-2014,04-07-2014 11:15,04-07-2014 11:45,Completed,Completed
"Sample Appointment Subject 213","Sample Appointment Description213",06-20-2021,07-08-2021,07-08-2021 13:15,07-08-2021 13:45,Completed,Completed
"Sample Appointment Subject 214","Sample Appointment Description214",06-12-2024,07-19-2024,07-19-2024 11:30:00,07-19-2024 12:00:00,Completed,Completed
"Sample Appointment Subject 215","Sample Appointment Description215",03-30-2023,04-06-2023,04-06-2023 12:15,04-06-2023 12:45,Completed,Completed
"Sample Appointment Subject 216","Sample Appointment Description216",07-10-2011,07-12-2011,07-12-2011 13:30,07-12-2011 14:00,Completed,Completed
"Sample Appointment Subject 217","Sample Appointment Description217",01-05-2016,03-18-2016,03-18-2016 11:45:00,03-18-2016 12:15:00,Completed,Completed
"Sample Appointment Subject 218","Sample Appointment Description218",09-16-2004,10-28-2004,10-28-2004 13:30:00,10-28-2004 14:00:00,Completed,Completed
"Sample Appointment Subject 219","Sample Appointment Description219",07-20-2021,08-30-2021,08-30-2021 12:00:00,08-30-2021 12:30:00,Completed,Completed
"Sample Appointment Subject 220","Sample Appointment Description220",10-03-2019,11-01-2019,11-01-2019 14:45,11-01-2019 15:15,Completed,Completed
"Sample Appointment Subject 221","Sample Appointment Description221",01-26-2007,03-31-2007,03-31-2007 12:30:00,03-31-2007 13:00:00,Completed,Completed
"Sample Appointment Subject 222","Sample Appointment Description222",04-01-2013,05-08-2013,05-08-2013 13:00,05-08-2013 13:30,Completed,Completed
"Sample Appointment Subject 223","Sample Appointment Description223",07-19-2006,09-09-2006,09-09-2006 12:45,09-09-2006 13:15,Completed,Completed
"Sample Appointment Subject 224","Sample Appointment Description224",06-10-2013,07-07-2013,07-07-2013 11:30,07-07-2013 12:00,Completed,Completed
"Sample Appointment Subject 225","Sample Appointment Description225",02-11-2017,03-04-2017,03-04-2017 14:45,03-04-2017 15:15,Completed,Completed
"Sample Appointment Subject 226","Sample Appointment Description226",07-04-2012,08-07-2012,08-07-2012 10:30,08-07-2012 11:00,Completed,Completed
"Sample Appointment Subject 227","Sample Appointment Description227",06-12-2008,08-16-2008,08-16-2008 12:15:00,08-16-2008 12:45:00,Completed,Completed
"Sample Appointment Subject 228","Sample Appointment Description228",06-12-2014,08-21-2014,08-21-2014 12:45:00,08-21-2014 13:15:00,Completed,Completed
"Sample Appointment Subject 229","Sample Appointment Description229",11-04-2013,11-27-2013,11-27-2013 11:45:00,11-27-2013 12:15:00,Completed,Completed
"Sample Appointment Subject 230","Sample Appointment Description230",08-20-2016,11-14-2016,11-14-2016 12:00:00,11-14-2016 12:30:00,Completed,Completed
"Sample Appointment Subject 231","Sample Appointment Description231",02-14-2003,04-23-2003,04-23-2003 12:00:00,04-23-2003 12:30:00,Completed,Completed
"Sample Appointment Subject 232","Sample Appointment Description232",07-08-2008,07-30-2008,07-30-2008 10:15:00,07-30-2008 10:45:00,Completed,Completed
"Sample Appointment Subject 233","Sample Appointment Description233",11-04-2019,12-21-2019,12-21-2019 13:30:00,12-21-2019 14:00:00,Completed,Completed
"Sample Appointment Subject 234","Sample Appointment Description234",03-27-2017,04-28-2017,04-28-2017 13:00:00,04-28-2017 13:30:00,Completed,Completed
"Sample Appointment Subject 235","Sample Appointment Description235",11-14-2008,12-19-2008,12-19-2008 14:30:00,12-19-2008 15:00:00,Completed,Completed
"Sample Appointment Subject 236","Sample Appointment Description236",04-11-2023,05-07-2023,05-07-2023 12:30,05-07-2023 13:00,Completed,Completed
"Sample Appointment Subject 237","Sample Appointment Description237",06-11-2015,07-22-2015,07-22-2015 10:45:00,07-22-2015 11:15:00,Completed,Completed
"Sample Appointment Subject 238","Sample Appointment Description238",01-17-2010,02-13-2010,02-13-2010 12:00:00,02-13-2010 12:30:00,Completed,Completed
"Sample Appointment Subject 239","Sample Appointment Description239",05-13-2003,06-30-2003,06-30-2003 14:00:00,06-30-2003 14:30:00,Completed,Completed
"Sample Appointment Subject 240","Sample Appointment Description240",11-04-2012,01-12-2013,01-12-2013 11:45,01-12-2013 12:15,Completed,Completed
"Sample Appointment Subject 241","Sample Appointment Description241",08-13-2019,10-31-2019,10-31-2019 12:30:00,10-31-2019 13:00:00,Completed,Completed
"Sample Appointment Subject 242","Sample Appointment Description242",10-21-2010,12-29-2010,12-29-2010 12:45:00,12-29-2010 13:15:00,Completed,Completed
"Sample Appointment Subject 243","Sample Appointment Description243",07-16-2005,08-29-2005,08-29-2005 11:15:00,08-29-2005 11:45:00,Completed,Completed
"Sample Appointment Subject 244","Sample Appointment Description244",12-18-2021,01-17-2022,01-17-2022 14:15:00,01-17-2022 14:45:00,Completed,Completed
"Sample Appointment Subject 245","Sample Appointment Description245",08-28-2013,10-06-2013,10-06-2013 10:45,10-06-2013 11:15,Completed,Completed
"Sample Appointment Subject 246","Sample Appointment Description246",06-05-2011,07-05-2011,07-05-2011 13:30,07-05-2011 14:00,Completed,Completed
"Sample Appointment Subject 247","Sample Appointment Description247",04-05-2019,06-01-2019,06-01-2019 11:30,06-01-2019 12:00,Completed,Completed
"Sample Appointment Subject 248","Sample Appointment Description248",03-29-2006,06-17-2006,06-17-2006 14:00:00,06-17-2006 14:30:00,Completed,Completed
"Sample Appointment Subject 249","Sample Appointment Description249",12-01-2015,12-10-2015,12-10-2015 11:45,12-10-2015 12:15,Completed,Completed
"Sample Appointment Subject 250","Sample Appointment Description250",01-13-2011,02-28-2011,02-28-2011 11:45:00,02-28-2011 12:15:00,Completed,Completed
"Sample Appointment Subject 251","Sample Appointment Description251",06-25-2013,07-19-2013,07-19-2013 12:45:00,07-19-2013 13:15:00,Completed,Completed
"Sample Appointment Subject 252","Sample Appointment Description252",03-03-2013,04-12-2013,04-12-2013 10:45,04-12-2013 11:15,Completed,Completed
"Sample Appointment Subject 253","Sample Appointment Description253",05-09-2012,06-03-2012,06-03-2012 10:45,06-03-2012 11:15,Completed,Completed
"Sample Appointment Subject 254","Sample Appointment Description254",04-17-2019,04-30-2019,04-30-2019 12:15:00,04-30-2019 12:45:00,Completed,Completed
"Sample Appointment Subject 255","Sample Appointment Description255",12-18-2004,01-14-2005,01-14-2005 11:45:00,01-14-2005 12:15:00,Completed,Completed
"Sample Appointment Subject 256","Sample Appointment Description256",02-06-2024,02-25-2024,02-25-2024 14:00:00,02-25-2024 14:30:00,Completed,Completed
"Sample Appointment Subject 257","Sample Appointment Description257",02-02-2015,03-04-2015,03-04-2015 10:45,03-04-2015 11:15,Completed,Completed
"Sample Appointment Subject 258","Sample Appointment Description258",09-02-2018,11-22-2018,11-22-2018 13:45:00,11-22-2018 14:15:00,Completed,Completed
"Sample Appointment Subject 259","Sample Appointment Description259",02-18-2024,04-18-2024,04-18-2024 14:15:00,04-18-2024 14:45:00,Completed,Completed
"Sample Appointment Subject 260","Sample Appointment Description260",07-21-2012,09-01-2012,09-01-2012 10:30,09-01-2012 11:00,Completed,Completed
"Sample Appointment Subject 261","Sample Appointment Description261",10-23-2010,10-26-2010,10-26-2010 13:15:00,10-26-2010 13:45:00,Completed,Completed
"Sample Appointment Subject 262","Sample Appointment Description262",06-20-2009,08-28-2009,08-28-2009 14:45:00,08-28-2009 15:15:00,Completed,Completed
"Sample Appointment Subject 263","Sample Appointment Description263",04-23-2018,06-02-2018,06-02-2018 11:15,06-02-2018 11:45,Completed,Completed
"Sample Appointment Subject 264","Sample Appointment Description264",03-31-2013,06-03-2013,06-03-2013 13:15,06-03-2013 13:45,Completed,Completed
"Sample Appointment Subject 265","Sample Appointment Description265",08-05-2017,08-23-2017,08-23-2017 10:45:00,08-23-2017 11:15:00,Completed,Completed
"Sample Appointment Subject 266","Sample Appointment Description266",10-11-2013,12-11-2013,12-11-2013 14:45,12-11-2013 15:15,Completed,Completed
"Sample Appointment Subject 267","Sample Appointment Description267",11-07-2009,02-04-2010,02-04-2010 14:00,02-04-2010 14:30,Completed,Completed
"Sample Appointment Subject 268","Sample Appointment Description268",11-05-2005,11-29-2005,11-29-2005 12:00:00,11-29-2005 12:30:00,Completed,Completed
"Sample Appointment Subject 269","Sample Appointment Description269",08-28-2010,10-17-2010,10-17-2010 13:30:00,10-17-2010 14:00:00,Completed,Completed
"Sample Appointment Subject 270","Sample Appointment Description270",03-20-2018,06-05-2018,06-05-2018 11:45,06-05-2018 12:15,Completed,Completed
"Sample Appointment Subject 271","Sample Appointment Description271",07-03-2024,09-10-2024,09-10-2024 12:45,09-10-2024 13:15,Completed,Completed
"Sample Appointment Subject 272","Sample Appointment Description272",05-29-2017,08-21-2017,08-21-2017 11:30:00,08-21-2017 12:00:00,Completed,Completed
"Sample Appointment Subject 273","Sample Appointment Description273",05-29-2003,06-02-2003,06-02-2003 10:00,06-02-2003 10:30,Completed,Completed
"Sample Appointment Subject 274","Sample Appointment Description274",10-12-2007,10-20-2007,10-20-2007 13:15:00,10-20-2007 13:45:00,Completed,Completed
"Sample Appointment Subject 275","Sample Appointment Description275",10-01-2019,12-23-2019,12-23-2019 12:45:00,12-23-2019 13:15:00,Completed,Completed
"Sample Appointment Subject 276","Sample Appointment Description276",07-04-2015,09-07-2015,09-07-2015 14:00,09-07-2015 14:30,Completed,Completed
"Sample Appointment Subject 277","Sample Appointment Description277",10-03-2008,12-04-2008,12-04-2008 10:30,12-04-2008 11:00,Completed,Completed
"Sample Appointment Subject 278","Sample Appointment Description278",08-09-2007,10-20-2007,10-20-2007 10:45:00,10-20-2007 11:15:00,Completed,Completed
"Sample Appointment Subject 279","Sample Appointment Description279",07-27-2015,09-05-2015,09-05-2015 13:15,09-05-2015 13:45,Completed,Completed
"Sample Appointment Subject 280","Sample Appointment Description280",09-23-2012,09-28-2012,09-28-2012 11:30:00,09-28-2012 12:00:00,Completed,Completed
"Sample Appointment Subject 281","Sample Appointment Description281",02-07-2021,05-02-2021,05-02-2021 11:30,05-02-2021 12:00,Completed,Completed
"Sample Appointment Subject 282","Sample Appointment Description282",08-12-2005,08-22-2005,08-22-2005 10:00:00,08-22-2005 10:30:00,Completed,Completed
"Sample Appointment Subject 283","Sample Appointment Description283",04-23-2016,06-05-2016,06-05-2016 11:30,06-05-2016 12:00,Completed,Completed
"Sample Appointment Subject 284","Sample Appointment Description284",12-16-2018,01-07-2019,01-07-2019 12:45,01-07-2019 13:15,Completed,Completed
"Sample Appointment Subject 285","Sample Appointment Description285",04-12-2005,04-13-2005,04-13-2005 10:45:00,04-13-2005 11:15:00,Completed,Completed
"Sample Appointment Subject 286","Sample Appointment Description286",02-19-2017,05-02-2017,05-02-2017 12:45,05-02-2017 13:15,Completed,Completed
"Sample Appointment Subject 287","Sample Appointment Description287",04-24-2009,05-20-2009,05-20-2009 12:30:00,05-20-2009 13:00:00,Completed,Completed
"Sample Appointment Subject 288","Sample Appointment Description288",06-16-2020,09-14-2020,09-14-2020 12:15:00,09-14-2020 12:45:00,Completed,Completed
"Sample Appointment Subject 289","Sample Appointment Description289",10-02-2019,11-05-2019,11-05-2019 10:15,11-05-2019 10:45,Completed,Completed
"Sample Appointment Subject 290","Sample Appointment Description290",06-23-2007,08-01-2007,08-01-2007 13:45,08-01-2007 14:15,Completed,Completed
"Sample Appointment Subject 291","Sample Appointment Description291",02-04-2010,02-09-2010,02-09-2010 14:30,02-09-2010 15:00,Completed,Completed
"Sample Appointment Subject 292","Sample Appointment Description292",11-12-2013,12-07-2013,12-07-2013 14:15,12-07-2013 14:45,Completed,Completed
"Sample Appointment Subject 293","Sample Appointment Description293",01-04-2008,01-05-2008,01-05-2008 11:30,01-05-2008 12:00,Completed,Completed
"Sample Appointment Subject 294","Sample Appointment Description294",05-07-2017,05-27-2017,05-27-2017 12:30:00,05-27-2017 13:00:00,Completed,Completed
"Sample Appointment Subject 295","Sample Appointment Description295",07-31-2011,09-07-2011,09-07-2011 11:45,09-07-2011 12:15,Completed,Completed
"Sample Appointment Subject 296","Sample Appointment Description296",11-07-2004,01-16-2005,01-16-2005 11:00:00,01-16-2005 11:30:00,Completed,Completed
"Sample Appointment Subject 297","Sample Appointment Description297",11-03-2013,12-29-2013,12-29-2013 10:45:00,12-29-2013 11:15:00,Completed,Completed
"Sample Appointment Subject 298","Sample Appointment Description298",03-11-2011,03-30-2011,03-30-2011 10:15:00,03-30-2011 10:45:00,Completed,Completed
"Sample Appointment Subject 299","Sample Appointment Description299",06-16-2020,09-07-2020,09-07-2020 13:30,09-07-2020 14:00,Completed,Completed
"Sample Appointment Subject 300","Sample Appointment Description300",12-22-2008,02-10-2009,02-10-2009 14:00,02-10-2009 14:30,Completed,Completed
"Sample Appointment Subject 301","Sample Appointment Description301",12-06-2018,01-29-2019,01-29-2019 13:00:00,01-29-2019 13:30:00,Completed,Completed
"Sample Appointment Subject 302","Sample Appointment Description302",08-29-2012,09-18-2012,09-18-2012 13:00:00,09-18-2012 13:30:00,Completed,Completed
"Sample Appointment Subject 303","Sample Appointment Description303",01-22-2021,02-07-2021,02-07-2021 14:30,02-07-2021 15:00,Completed,Completed
"Sample Appointment Subject 304","Sample Appointment Description304",03-21-2022,05-10-2022,05-10-2022 10:30,05-10-2022 11:00,Completed,Completed
"Sample Appointment Subject 305","Sample Appointment Description305",09-22-2010,12-11-2010,12-11-2010 13:30,12-11-2010 14:00,Completed,Completed
"Sample Appointment Subject 306","Sample Appointment Description306",04-18-2012,06-29-2012,06-29-2012 12:15:00,06-29-2012 12:45:00,Completed,Completed
"Sample Appointment Subject 307","Sample Appointment Description307",02-16-2017,04-05-2017,04-05-2017 14:15,04-05-2017 14:45,Completed,Completed
"Sample Appointment Subject 308","Sample Appointment Description308",02-14-2012,02-26-2012,02-26-2012 10:45:00,02-26-2012 11:15:00,Completed,Completed
"Sample Appointment Subject 309","Sample Appointment Description309",04-02-2017,06-02-2017,06-02-2017 12:15,06-02-2017 12:45,Completed,Completed
"Sample Appointment Subject 310","Sample Appointment Description310",01-12-2022,03-07-2022,03-07-2022 13:15,03-07-2022 13:45,Completed,Completed
"Sample Appointment Subject 311","Sample Appointment Description311",11-27-2004,02-16-2005,02-16-2005 10:30:00,02-16-2005 11:00:00,Completed,Completed
"Sample Appointment Subject 312","Sample Appointment Description312",12-16-2020,01-15-2021,01-15-2021 11:45:00,01-15-2021 12:15:00,Completed,Completed
"Sample Appointment Subject 313","Sample Appointment Description313",01-04-2003,03-10-2003,03-10-2003 10:45,03-10-2003 11:15,Completed,Completed
"Sample Appointment Subject 314","Sample Appointment Description314",12-12-2018,02-26-2019,02-26-2019 13:00:00,02-26-2019 13:30:00,Completed,Completed
"Sample Appointment Subject 315","Sample Appointment Description315",11-08-2009,01-25-2010,01-25-2010 11:00:00,01-25-2010 11:30:00,Completed,Completed
"Sample Appointment Subject 316","Sample Appointment Description316",04-25-2010,07-06-2010,07-06-2010 10:00,07-06-2010 10:30,Completed,Completed
"Sample Appointment Subject 317","Sample Appointment Description317",03-28-2024,04-26-2024,04-26-2024 14:00:00,04-26-2024 14:30:00,Completed,Completed
"Sample Appointment Subject 318","Sample Appointment Description318",04-23-2004,07-19-2004,07-19-2004 14:45:00,07-19-2004 15:15:00,Completed,Completed
"Sample Appointment Subject 319","Sample Appointment Description319",03-04-2016,04-14-2016,04-14-2016 11:15:00,04-14-2016 11:45:00,Completed,Completed
"Sample Appointment Subject 320","Sample Appointment Description320",01-18-2014,03-04-2014,03-04-2014 14:00,03-04-2014 14:30,Completed,Completed
"Sample Appointment Subject 321","Sample Appointment Description321",07-22-2011,07-28-2011,07-28-2011 13:15:00,07-28-2011 13:45:00,Completed,Completed
"Sample Appointment Subject 322","Sample Appointment Description322",06-29-2007,07-15-2007,07-15-2007 11:15:00,07-15-2007 11:45:00,Completed,Completed
"Sample Appointment Subject 323","Sample Appointment Description323",01-06-2014,03-31-2014,03-31-2014 11:00:00,03-31-2014 11:30:00,Completed,Completed
"Sample Appointment Subject 324","Sample Appointment Description324",11-30-2005,12-16-2005,12-16-2005 11:15:00,12-16-2005 11:45:00,Completed,Completed
"Sample Appointment Subject 325","Sample Appointment Description325",08-17-2020,08-22-2020,08-22-2020 14:45:00,08-22-2020 15:15:00,Completed,Completed
"Sample Appointment Subject 326","Sample Appointment Description326",07-04-2008,08-29-2008,08-29-2008 11:00:00,08-29-2008 11:30:00,Completed,Completed
"Sample Appointment Subject 327","Sample Appointment Description327",05-31-2012,06-06-2012,06-06-2012 12:30,06-06-2012 13:00,Completed,Completed
"Sample Appointment Subject 328","Sample Appointment Description328",11-07-2021,01-01-2022,01-01-2022 12:45,01-01-2022 13:15,Completed,Completed
"Sample Appointment Subject 329","Sample Appointment Description329",03-22-2003,03-23-2003,03-23-2003 10:00:00,03-23-2003 10:30:00,Completed,Completed
"Sample Appointment Subject 330","Sample Appointment Description330",07-13-2009,08-16-2009,08-16-2009 12:00:00,08-16-2009 12:30:00,Completed,Completed
"Sample Appointment Subject 331","Sample Appointment Description331",04-13-2024,07-05-2024,07-05-2024 13:15,07-05-2024 13:45,Completed,Completed
"Sample Appointment Subject 332","Sample Appointment Description332",04-25-2023,05-25-2023,05-25-2023 13:15:00,05-25-2023 13:45:00,Completed,Completed
"Sample Appointment Subject 333","Sample Appointment Description333",10-24-2020,01-22-2021,01-22-2021 13:45:00,01-22-2021 14:15:00,Completed,Completed
"Sample Appointment Subject 334","Sample Appointment Description334",10-27-2009,11-26-2009,11-26-2009 10:00:00,11-26-2009 10:30:00,Completed,Completed
"Sample Appointment Subject 335","Sample Appointment Description335",10-29-2005,12-21-2005,12-21-2005 13:00:00,12-21-2005 13:30:00,Completed,Completed
"Sample Appointment Subject 336","Sample Appointment Description336",01-15-2010,03-08-2010,03-08-2010 11:45,03-08-2010 12:15,Completed,Completed
"Sample Appointment Subject 337","Sample Appointment Description337",08-18-2014,11-02-2014,11-02-2014 13:30,11-02-2014 14:00,Completed,Completed
"Sample Appointment Subject 338","Sample Appointment Description338",10-30-2019,11-05-2019,11-05-2019 14:30,11-05-2019 15:00,Completed,Completed
"Sample Appointment Subject 339","Sample Appointment Description339",07-31-2013,08-21-2013,08-21-2013 12:15:00,08-21-2013 12:45:00,Completed,Completed
"Sample Appointment Subject 340","Sample Appointment Description340",06-24-2006,07-10-2006,07-10-2006 11:30,07-10-2006 12:00,Completed,Completed
"Sample Appointment Subject 341","Sample Appointment Description341",04-18-2020,05-02-2020,05-02-2020 11:15,05-02-2020 11:45,Completed,Completed
"Sample Appointment Subject 342","Sample Appointment Description342",10-07-2014,12-17-2014,12-17-2014 11:15:00,12-17-2014 11:45:00,Completed,Completed
"Sample Appointment Subject 343","Sample Appointment Description343",10-09-2017,11-29-2017,11-29-2017 14:45:00,11-29-2017 15:15:00,Completed,Completed
"Sample Appointment Subject 344","Sample Appointment Description344",02-29-2012,04-08-2012,04-08-2012 11:00,04-08-2012 11:30,Completed,Completed
"Sample Appointment Subject 345","Sample Appointment Description345",09-17-2007,10-26-2007,10-26-2007 10:00:00,10-26-2007 10:30:00,Completed,Completed
"Sample Appointment Subject 346","Sample Appointment Description346",03-29-2024,05-26-2024,05-26-2024 14:30:00,05-26-2024 15:00:00,Completed,Completed
"Sample Appointment Subject 347","Sample Appointment Description347",01-30-2004,02-20-2004,02-20-2004 11:30:00,02-20-2004 12:00:00,Completed,Completed
"Sample Appointment Subject 348","Sample Appointment Description348",12-01-2004,02-09-2005,02-09-2005 10:45,02-09-2005 11:15,Completed,Completed
"Sample Appointment Subject 349","Sample Appointment Description349",07-30-2023,08-12-2023,08-12-2023 13:45,08-12-2023 14:15,Completed,Completed
"Sample Appointment Subject 350","Sample Appointment Description350",12-31-2015,02-03-2016,02-03-2016 14:45,02-03-2016 15:15,Completed,Completed
