subject,description,recordcreatedon,accountid,to,from,direction,statecode,statuscode
Sample Email Subject 1,Sample Email Description1,10-15-2013,A. Datum Corporation,kevin@adatum.com,alex.wayne74@example.com,incoming,completed,received
Sample Email Subject 2,Sample Email Description2,01-08-2020,A. Datum Corporation,kevin@adatum.com,linda.rivers88@example.com,incoming,completed,received
Sample Email Subject 3,Sample Email Description3,03-21-2022,A. Datum Corporation,kevin@adatum.com,samuel.turner13@example.com,incoming,completed,received
Sample Email Subject 4,Sample Email Description4,03-08-2015,A. Datum Corporation,kevin@adatum.com,sophia.green92@example.com,incoming,completed,received
Sample Email Subject 5,Sample Email Description5,11-12-2023,A. Datum Corporation,kevin@adatum.com,michael.brown47@example.com,incoming,completed,received
Sample Email Subject 6,Sample Email Description6,04-18-2008,A. Datum Corporation,kevin@adatum.com,emily.walters56@example.com,incoming,completed,received
Sample Email Subject 7,Sample Email Description7,03-08-2021,A. Datum Corporation,kevin@adatum.com,daniel.smith33@example.com,incoming,completed,received
Sample Email Subject 8,Sample Email Description8,04-08-2004,A. Datum Corporation,kevin@adatum.com,olivia.morris71@example.com,incoming,completed,received
Sample Email Subject 9,Sample Email Description9,10-17-2011,A. Datum Corporation,kevin@adatum.com,james.white21@example.com,incoming,completed,received
Sample Email Subject 10,Sample Email Description10,07-16-2009,A. Datum Corporation,kevin@adatum.com,mia.miller65@example.com,incoming,completed,received
Sample Email Subject 11,Sample Email Description11,12-02-2007,A. Datum Corporation,kevin@adatum.com,william.jones82@example.com,incoming,completed,received
Sample Email Subject 12,Sample Email Description12,03-25-2011,A. Datum Corporation,kevin@adatum.com,ava.james39@example.com,incoming,completed,received
Sample Email Subject 13,Sample Email Description13,07-23-2016,A. Datum Corporation,kevin@adatum.com,benjamin.moore54@example.com,incoming,completed,received
Sample Email Subject 14,Sample Email Description14,06-08-2012,A. Datum Corporation,kevin@adatum.com,isabella.thompson14@example.com,incoming,completed,received
Sample Email Subject 15,Sample Email Description15,10-31-2022,A. Datum Corporation,kevin@adatum.com,ethan.anderson29@example.com,incoming,completed,received
Sample Email Subject 16,Sample Email Description16,05-17-2016,A. Datum Corporation,kevin@adatum.com,amelia.harris60@example.com,incoming,completed,received
Sample Email Subject 17,Sample Email Description17,11-16-2015,A. Datum Corporation,kevin@adatum.com,alexander.wright77@example.com,incoming,completed,received
Sample Email Subject 18,Sample Email Description18,10-25-2010,A. Datum Corporation,kevin@adatum.com,harper.martin30@example.com,incoming,completed,received
Sample Email Subject 19,Sample Email Description19,08-28-2010,A. Datum Corporation,kevin@adatum.com,matthew.clark89@example.com,incoming,completed,received
Sample Email Subject 20,Sample Email Description20,07-06-2022,A. Datum Corporation,kevin@adatum.com,ella.roberts43@example.com,incoming,completed,received
Sample Email Subject 21,Sample Email Description21,03-14-2011,A. Datum Corporation,kevin@adatum.com,anthony.lewis25@example.com,incoming,completed,received
Sample Email Subject 22,Sample Email Description22,05-22-2018,A. Datum Corporation,kevin@adatum.com,abigail.king50@example.com,incoming,completed,received
Sample Email Subject 23,Sample Email Description23,06-27-2019,A. Datum Corporation,kevin@adatum.com,joseph.walker68@example.com,incoming,completed,received
Sample Email Subject 24,Sample Email Description24,08-21-2016,A. Datum Corporation,kevin@adatum.com,scarlett.hill19@example.com,incoming,completed,received
Sample Email Subject 25,Sample Email Description25,03-06-2009,A. Datum Corporation,kevin@adatum.com,charles.green97@example.com,incoming,completed,received
Sample Email Subject 26,Sample Email Description26,12-17-2021,A. Datum Corporation,kevin@adatum.com,grace.allen34@example.com,incoming,completed,received
Sample Email Subject 27,Sample Email Description27,12-24-2022,A. Datum Corporation,kevin@adatum.com,aiden.hall73@example.com,incoming,completed,received
Sample Email Subject 28,Sample Email Description28,06-09-2022,A. Datum Corporation,kevin@adatum.com,zoe.young95@example.com,incoming,completed,received
Sample Email Subject 29,Sample Email Description29,02-18-2016,A. Datum Corporation,kevin@adatum.com,henry.scott48@example.com,incoming,completed,received
Sample Email Subject 30,Sample Email Description30,09-28-2003,A. Datum Corporation,kevin@adatum.com,lilly.adams23@example.com,incoming,completed,received
Sample Email Subject 31,Sample Email Description31,08-15-2014,A. Datum Corporation,kevin@adatum.com,jackson.carter87@example.com,incoming,completed,received
Sample Email Subject 32,Sample Email Description32,06-16-2010,A. Datum Corporation,kevin@adatum.com,riley.baker36@example.com,incoming,completed,received
Sample Email Subject 33,Sample Email Description33,07-24-2006,A. Datum Corporation,kevin@adatum.com,sebastian.turner62@example.com,incoming,completed,received
Sample Email Subject 34,Sample Email Description34,12-28-2004,A. Datum Corporation,kevin@adatum.com,lily.mitchell11@example.com,incoming,completed,received
Sample Email Subject 35,Sample Email Description35,08-15-2006,A. Datum Corporation,kevin@adatum.com,logan.williams28@example.com,incoming,completed,received
Sample Email Subject 36,Sample Email Description36,08-20-2022,A. Datum Corporation,kevin@adatum.com,chloe.evans76@example.com,incoming,completed,received
Sample Email Subject 37,Sample Email Description37,06-22-2007,A. Datum Corporation,kevin@adatum.com,mason.campbell22@example.com,incoming,completed,received
Sample Email Subject 38,Sample Email Description38,12-09-2017,A. Datum Corporation,kevin@adatum.com,lucas.wood85@example.com,incoming,completed,received
Sample Email Subject 39,Sample Email Description39,07-27-2003,A. Datum Corporation,kevin@adatum.com,ellie.bell45@example.com,incoming,completed,received
Sample Email Subject 40,Sample Email Description40,07-15-2015,A. Datum Corporation,kevin@adatum.com,leo.foster94@example.com,incoming,completed,received
Sample Email Subject 41,Sample Email Description41,05-26-2020,A. Datum Corporation,kevin@adatum.com,hannah.cooper58@example.com,incoming,completed,received
Sample Email Subject 42,Sample Email Description42,01-21-2016,A. Datum Corporation,kevin@adatum.com,ryan.morris10@example.com,incoming,completed,received
Sample Email Subject 43,Sample Email Description43,02-14-2019,A. Datum Corporation,kevin@adatum.com,eva.davis31@example.com,incoming,completed,received
Sample Email Subject 44,Sample Email Description44,02-09-2014,A. Datum Corporation,kevin@adatum.com,david.robinson66@example.com,incoming,completed,received
Sample Email Subject 45,Sample Email Description45,04-30-2006,A. Datum Corporation,kevin@adatum.com,aria.rivera09@example.com,incoming,completed,received
Sample Email Subject 46,Sample Email Description46,11-25-2022,A. Datum Corporation,kevin@adatum.com,nathan.price44@example.com,incoming,completed,received
Sample Email Subject 47,Sample Email Description47,02-04-2014,A. Datum Corporation,kevin@adatum.com,zoey.parker80@example.com,incoming,completed,received
Sample Email Subject 48,Sample Email Description48,01-11-2012,A. Datum Corporation,kevin@adatum.com,isaac.cook37@example.com,incoming,completed,received
Sample Email Subject 49,Sample Email Description49,01-24-2013,A. Datum Corporation,kevin@adatum.com,penelope.perry99@example.com,incoming,completed,received
Sample Email Subject 50,Sample Email Description50,07-22-2013,A. Datum Corporation,kevin@adatum.com,andrew.kelly07@example.com,incoming,completed,received
Sample Email Subject 51,Sample Email Description51,02-13-2020,A. Datum Corporation,kevin@adatum.com,elizabeth.bennett63@example.com,incoming,completed,received
Sample Email Subject 52,Sample Email Description52,07-28-2021,A. Datum Corporation,kevin@adatum.com,dylan.bailey17@example.com,incoming,completed,received
Sample Email Subject 53,Sample Email Description53,06-27-2020,A. Datum Corporation,kevin@adatum.com,paisley.reed78@example.com,incoming,completed,received
Sample Email Subject 54,Sample Email Description54,04-26-2015,A. Datum Corporation,kevin@adatum.com,gabriel.stewart27@example.com,incoming,completed,received
Sample Email Subject 55,Sample Email Description55,11-27-2006,A. Datum Corporation,kevin@adatum.com,stella.hayes91@example.com,incoming,completed,received
Sample Email Subject 56,Sample Email Description56,04-26-2018,A. Datum Corporation,kevin@adatum.com,jacob.gray46@example.com,incoming,completed,received
Sample Email Subject 57,Sample Email Description57,01-18-2024,A. Datum Corporation,kevin@adatum.com,willow.hughes53@example.com,incoming,completed,received
Sample Email Subject 58,Sample Email Description58,05-25-2019,A. Datum Corporation,kevin@adatum.com,caleb.murray15@example.com,incoming,completed,received
Sample Email Subject 59,Sample Email Description59,07-01-2019,A. Datum Corporation,kevin@adatum.com,addison.morgan64@example.com,incoming,completed,received
Sample Email Subject 60,Sample Email Description60,12-27-2013,A. Datum Corporation,kevin@adatum.com,john.cox12@example.com,incoming,completed,received
Sample Email Subject 61,Sample Email Description61,10-26-2008,A. Datum Corporation,kevin@adatum.com,aurora.ross72@example.com,incoming,completed,received
Sample Email Subject 62,Sample Email Description62,09-06-2018,A. Datum Corporation,kevin@adatum.com,jackson.reed59@example.com,incoming,completed,received
Sample Email Subject 63,Sample Email Description63,03-25-2005,A. Datum Corporation,kevin@adatum.com,nora.morris03@example.com,incoming,completed,received
Sample Email Subject 64,Sample Email Description64,02-23-2006,A. Datum Corporation,kevin@adatum.com,liam.ramirez42@example.com,incoming,completed,received
Sample Email Subject 65,Sample Email Description65,07-28-2018,A. Datum Corporation,kevin@adatum.com,zoey.howard98@example.com,incoming,completed,received
Sample Email Subject 66,Sample Email Description66,03-10-2012,A. Datum Corporation,kevin@adatum.com,julian.price49@example.com,incoming,completed,received
Sample Email Subject 67,Sample Email Description67,02-06-2015,A. Datum Corporation,kevin@adatum.com,savannah.richards24@example.com,incoming,completed,received
Sample Email Subject 68,Sample Email Description68,12-26-2010,A. Datum Corporation,kevin@adatum.com,elijah.morgan81@example.com,incoming,completed,received
Sample Email Subject 69,Sample Email Description69,06-17-2015,A. Datum Corporation,kevin@adatum.com,sophia.kelly70@example.com,incoming,completed,received
Sample Email Subject 70,Sample Email Description70,07-18-2019,A. Datum Corporation,kevin@adatum.com,logan.watson32@example.com,incoming,completed,received
Sample Email Subject 71,Sample Email Description71,02-08-2006,A. Datum Corporation,kevin@adatum.com,harper.barnes20@example.com,incoming,completed,received
Sample Email Subject 72,Sample Email Description72,11-18-2024,A. Datum Corporation,kevin@adatum.com,owen.brooks84@example.com,incoming,completed,received
Sample Email Subject 73,Sample Email Description73,01-16-2013,A. Datum Corporation,kevin@adatum.com,avery.fisher35@example.com,incoming,completed,received
Sample Email Subject 74,Sample Email Description74,04-28-2006,A. Datum Corporation,kevin@adatum.com,gabriel.kim55@example.com,incoming,completed,received
Sample Email Subject 75,Sample Email Description75,12-27-2015,A. Datum Corporation,kevin@adatum.com,madison.jones09@example.com,incoming,completed,received
Sample Email Subject 76,Sample Email Description76,09-10-2006,A. Datum Corporation,kevin@adatum.com,nathan.ward57@example.com,incoming,completed,received
Sample Email Subject 77,Sample Email Description77,10-04-2017,A. Datum Corporation,kevin@adatum.com,lily.moore41@example.com,incoming,completed,received
Sample Email Subject 78,Sample Email Description78,06-18-2012,A. Datum Corporation,kevin@adatum.com,zachary.wright67@example.com,incoming,completed,received
Sample Email Subject 79,Sample Email Description79,08-23-2024,A. Datum Corporation,kevin@adatum.com,mila.campbell26@example.com,incoming,completed,received
Sample Email Subject 80,Sample Email Description80,07-08-2009,A. Datum Corporation,kevin@adatum.com,lucas.evans79@example.com,incoming,completed,received
Sample Email Subject 81,Sample Email Description81,07-27-2012,A. Datum Corporation,kevin@adatum.com,evelyn.morris40@example.com,incoming,completed,received
Sample Email Subject 82,Sample Email Description82,07-04-2021,A. Datum Corporation,kevin@adatum.com,carter.wood61@example.com,incoming,completed,received
Sample Email Subject 83,Sample Email Description83,01-15-2011,A. Datum Corporation,kevin@adatum.com,stella.king16@example.com,incoming,completed,received
Sample Email Subject 84,Sample Email Description84,12-31-2011,A. Datum Corporation,kevin@adatum.com,benjamin.carter88@example.com,incoming,completed,received
Sample Email Subject 85,Sample Email Description85,12-17-2009,A. Datum Corporation,kevin@adatum.com,charlotte.green08@example.com,incoming,completed,received
Sample Email Subject 86,Sample Email Description86,03-14-2010,A. Datum Corporation,kevin@adatum.com,michael.hill74@example.com,incoming,completed,received
Sample Email Subject 87,Sample Email Description87,07-11-2021,A. Datum Corporation,kevin@adatum.com,chloe.adams05@example.com,incoming,completed,received
Sample Email Subject 88,Sample Email Description88,09-29-2020,A. Datum Corporation,kevin@adatum.com,daniel.lee53@example.com,incoming,completed,received
Sample Email Subject 89,Sample Email Description89,03-06-2020,A. Datum Corporation,kevin@adatum.com,ellie.turner38@example.com,incoming,completed,received
Sample Email Subject 90,Sample Email Description90,06-03-2016,A. Datum Corporation,kevin@adatum.com,jackson.mitchell92@example.com,incoming,completed,received
Sample Email Subject 91,Sample Email Description91,05-19-2020,A. Datum Corporation,kevin@adatum.com,emily.parker04@example.com,incoming,completed,received
Sample Email Subject 92,Sample Email Description92,03-25-2019,A. Datum Corporation,kevin@adatum.com,liam.harris52@example.com,incoming,completed,received
Sample Email Subject 93,Sample Email Description93,06-29-2011,A. Datum Corporation,kevin@adatum.com,abigail.white43@example.com,incoming,completed,received
Sample Email Subject 94,Sample Email Description94,08-11-2022,A. Datum Corporation,kevin@adatum.com,oliver.thomas02@example.com,incoming,completed,received
Sample Email Subject 95,Sample Email Description95,09-14-2011,A. Datum Corporation,kevin@adatum.com,amelia.lee65@example.com,incoming,completed,received
Sample Email Subject 96,Sample Email Description96,05-10-2021,A. Datum Corporation,kevin@adatum.com,sophia.jones18@example.com,incoming,completed,received
Sample Email Subject 97,Sample Email Description97,11-20-2009,A. Datum Corporation,kevin@adatum.com,ethan.wilson69@example.com,incoming,completed,received
Sample Email Subject 98,Sample Email Description98,10-06-2004,A. Datum Corporation,kevin@adatum.com,grace.campbell01@example.com,incoming,completed,received
Sample Email Subject 99,Sample Email Description99,08-17-2011,A. Datum Corporation,kevin@adatum.com,james.martin90@example.com,incoming,completed,received
Sample Email Subject 100,Sample Email Description100,06-01-2017,A. Datum Corporation,kevin@adatum.com,mia.robinson75@example.com,incoming,completed,received
Sample Email Subject 101,Sample Email Description101,04-16-2006,A. Datum Corporation,kevin@adatum.com,alex.wayne74@example.com,incoming,completed,received
Sample Email Subject 102,Sample Email Description102,06-24-2023,A. Datum Corporation,kevin@adatum.com,linda.rivers88@example.com,incoming,completed,received
Sample Email Subject 103,Sample Email Description103,05-18-2014,A. Datum Corporation,kevin@adatum.com,samuel.turner13@example.com,incoming,completed,received
Sample Email Subject 104,Sample Email Description104,07-01-2006,A. Datum Corporation,kevin@adatum.com,sophia.green92@example.com,incoming,completed,received
Sample Email Subject 105,Sample Email Description105,06-03-2003,A. Datum Corporation,kevin@adatum.com,michael.brown47@example.com,incoming,completed,received
Sample Email Subject 106,Sample Email Description106,08-09-2006,A. Datum Corporation,kevin@adatum.com,emily.walters56@example.com,incoming,completed,received
Sample Email Subject 107,Sample Email Description107,04-06-2023,A. Datum Corporation,kevin@adatum.com,daniel.smith33@example.com,incoming,completed,received
Sample Email Subject 108,Sample Email Description108,01-30-2003,A. Datum Corporation,kevin@adatum.com,olivia.morris71@example.com,incoming,completed,received
Sample Email Subject 109,Sample Email Description109,11-13-2013,A. Datum Corporation,kevin@adatum.com,james.white21@example.com,incoming,completed,received
Sample Email Subject 110,Sample Email Description110,10-13-2013,A. Datum Corporation,kevin@adatum.com,mia.miller65@example.com,incoming,completed,received
Sample Email Subject 111,Sample Email Description111,12-30-2008,A. Datum Corporation,kevin@adatum.com,william.jones82@example.com,incoming,completed,received
Sample Email Subject 112,Sample Email Description112,03-29-2008,A. Datum Corporation,kevin@adatum.com,ava.james39@example.com,incoming,completed,received
Sample Email Subject 113,Sample Email Description113,05-26-2011,A. Datum Corporation,kevin@adatum.com,benjamin.moore54@example.com,incoming,completed,received
Sample Email Subject 114,Sample Email Description114,05-27-2010,A. Datum Corporation,kevin@adatum.com,isabella.thompson14@example.com,incoming,completed,received
Sample Email Subject 115,Sample Email Description115,08-01-2024,A. Datum Corporation,kevin@adatum.com,ethan.anderson29@example.com,incoming,completed,received
Sample Email Subject 116,Sample Email Description116,07-01-2023,A. Datum Corporation,kevin@adatum.com,amelia.harris60@example.com,incoming,completed,received
Sample Email Subject 117,Sample Email Description117,10-15-2020,A. Datum Corporation,kevin@adatum.com,alexander.wright77@example.com,incoming,completed,received
Sample Email Subject 118,Sample Email Description118,11-19-2013,A. Datum Corporation,kevin@adatum.com,harper.martin30@example.com,incoming,completed,received
Sample Email Subject 119,Sample Email Description119,12-21-2007,A. Datum Corporation,kevin@adatum.com,matthew.clark89@example.com,incoming,completed,received
Sample Email Subject 120,Sample Email Description120,07-16-2023,A. Datum Corporation,kevin@adatum.com,ella.roberts43@example.com,incoming,completed,received
Sample Email Subject 121,Sample Email Description121,01-02-2016,A. Datum Corporation,kevin@adatum.com,anthony.lewis25@example.com,incoming,completed,received
Sample Email Subject 122,Sample Email Description122,01-18-2010,A. Datum Corporation,kevin@adatum.com,abigail.king50@example.com,incoming,completed,received
Sample Email Subject 123,Sample Email Description123,08-18-2004,A. Datum Corporation,kevin@adatum.com,joseph.walker68@example.com,incoming,completed,received
Sample Email Subject 124,Sample Email Description124,07-29-2021,A. Datum Corporation,kevin@adatum.com,scarlett.hill19@example.com,incoming,completed,received
Sample Email Subject 125,Sample Email Description125,06-21-2015,A. Datum Corporation,kevin@adatum.com,charles.green97@example.com,incoming,completed,received
Sample Email Subject 126,Sample Email Description126,09-16-2011,A. Datum Corporation,kevin@adatum.com,grace.allen34@example.com,incoming,completed,received
Sample Email Subject 127,Sample Email Description127,11-01-2004,A. Datum Corporation,kevin@adatum.com,aiden.hall73@example.com,incoming,completed,received
Sample Email Subject 128,Sample Email Description128,12-19-2020,A. Datum Corporation,kevin@adatum.com,zoe.young95@example.com,incoming,completed,received
Sample Email Subject 129,Sample Email Description129,06-24-2003,A. Datum Corporation,kevin@adatum.com,henry.scott48@example.com,incoming,completed,received
Sample Email Subject 130,Sample Email Description130,11-16-2023,A. Datum Corporation,kevin@adatum.com,lilly.adams23@example.com,incoming,completed,received
Sample Email Subject 131,Sample Email Description131,09-18-2010,A. Datum Corporation,kevin@adatum.com,jackson.carter87@example.com,incoming,completed,received
Sample Email Subject 132,Sample Email Description132,07-26-2010,A. Datum Corporation,kevin@adatum.com,riley.baker36@example.com,incoming,completed,received
Sample Email Subject 133,Sample Email Description133,09-05-2020,A. Datum Corporation,kevin@adatum.com,sebastian.turner62@example.com,incoming,completed,received
Sample Email Subject 134,Sample Email Description134,04-07-2005,A. Datum Corporation,kevin@adatum.com,lily.mitchell11@example.com,incoming,completed,received
Sample Email Subject 135,Sample Email Description135,06-20-2013,A. Datum Corporation,kevin@adatum.com,logan.williams28@example.com,incoming,completed,received
Sample Email Subject 136,Sample Email Description136,02-15-2015,A. Datum Corporation,kevin@adatum.com,chloe.evans76@example.com,incoming,completed,received
Sample Email Subject 137,Sample Email Description137,04-17-2013,A. Datum Corporation,kevin@adatum.com,mason.campbell22@example.com,incoming,completed,received
Sample Email Subject 138,Sample Email Description138,03-17-2004,A. Datum Corporation,kevin@adatum.com,lucas.wood85@example.com,incoming,completed,received
Sample Email Subject 139,Sample Email Description139,11-14-2009,A. Datum Corporation,kevin@adatum.com,ellie.bell45@example.com,incoming,completed,received
Sample Email Subject 140,Sample Email Description140,08-26-2009,A. Datum Corporation,kevin@adatum.com,leo.foster94@example.com,incoming,completed,received
Sample Email Subject 141,Sample Email Description141,09-09-2013,A. Datum Corporation,kevin@adatum.com,hannah.cooper58@example.com,incoming,completed,received
Sample Email Subject 142,Sample Email Description142,03-03-2008,A. Datum Corporation,kevin@adatum.com,ryan.morris10@example.com,incoming,completed,received
Sample Email Subject 143,Sample Email Description143,10-01-2007,A. Datum Corporation,kevin@adatum.com,eva.davis31@example.com,incoming,completed,received
Sample Email Subject 144,Sample Email Description144,12-09-2009,A. Datum Corporation,kevin@adatum.com,david.robinson66@example.com,incoming,completed,received
Sample Email Subject 145,Sample Email Description145,08-05-2011,A. Datum Corporation,kevin@adatum.com,aria.rivera09@example.com,incoming,completed,received
Sample Email Subject 146,Sample Email Description146,02-09-2023,A. Datum Corporation,kevin@adatum.com,nathan.price44@example.com,incoming,completed,received
Sample Email Subject 147,Sample Email Description147,05-23-2011,A. Datum Corporation,kevin@adatum.com,zoey.parker80@example.com,incoming,completed,received
Sample Email Subject 148,Sample Email Description148,03-10-2023,A. Datum Corporation,kevin@adatum.com,isaac.cook37@example.com,incoming,completed,received
Sample Email Subject 149,Sample Email Description149,07-07-2023,A. Datum Corporation,kevin@adatum.com,penelope.perry99@example.com,incoming,completed,received
Sample Email Subject 150,Sample Email Description150,03-31-2005,A. Datum Corporation,kevin@adatum.com,andrew.kelly07@example.com,incoming,completed,received
Sample Email Subject 151,Sample Email Description151,02-05-2014,A. Datum Corporation,kevin@adatum.com,elizabeth.bennett63@example.com,incoming,completed,received
Sample Email Subject 152,Sample Email Description152,05-03-2013,A. Datum Corporation,kevin@adatum.com,dylan.bailey17@example.com,incoming,completed,received
Sample Email Subject 153,Sample Email Description153,08-13-2014,A. Datum Corporation,kevin@adatum.com,paisley.reed78@example.com,incoming,completed,received
Sample Email Subject 154,Sample Email Description154,10-28-2004,A. Datum Corporation,kevin@adatum.com,gabriel.stewart27@example.com,incoming,completed,received
Sample Email Subject 155,Sample Email Description155,12-19-2015,A. Datum Corporation,kevin@adatum.com,stella.hayes91@example.com,incoming,completed,received
Sample Email Subject 156,Sample Email Description156,11-22-2024,A. Datum Corporation,kevin@adatum.com,jacob.gray46@example.com,incoming,completed,received
Sample Email Subject 157,Sample Email Description157,12-30-2022,A. Datum Corporation,kevin@adatum.com,willow.hughes53@example.com,incoming,completed,received
Sample Email Subject 158,Sample Email Description158,12-15-2017,A. Datum Corporation,kevin@adatum.com,caleb.murray15@example.com,incoming,completed,received
Sample Email Subject 159,Sample Email Description159,06-08-2016,A. Datum Corporation,kevin@adatum.com,addison.morgan64@example.com,incoming,completed,received
Sample Email Subject 160,Sample Email Description160,09-25-2020,A. Datum Corporation,kevin@adatum.com,john.cox12@example.com,incoming,completed,received
Sample Email Subject 161,Sample Email Description161,05-12-2022,A. Datum Corporation,kevin@adatum.com,aurora.ross72@example.com,incoming,completed,received
Sample Email Subject 162,Sample Email Description162,05-21-2019,A. Datum Corporation,kevin@adatum.com,jackson.reed59@example.com,incoming,completed,received
Sample Email Subject 163,Sample Email Description163,04-02-2012,A. Datum Corporation,kevin@adatum.com,nora.morris03@example.com,incoming,completed,received
Sample Email Subject 164,Sample Email Description164,07-17-2006,A. Datum Corporation,kevin@adatum.com,liam.ramirez42@example.com,incoming,completed,received
Sample Email Subject 165,Sample Email Description165,03-17-2020,A. Datum Corporation,kevin@adatum.com,zoey.howard98@example.com,incoming,completed,received
Sample Email Subject 166,Sample Email Description166,09-17-2023,A. Datum Corporation,kevin@adatum.com,julian.price49@example.com,incoming,completed,received
Sample Email Subject 167,Sample Email Description167,07-06-2009,A. Datum Corporation,kevin@adatum.com,savannah.richards24@example.com,incoming,completed,received
Sample Email Subject 168,Sample Email Description168,12-14-2011,A. Datum Corporation,kevin@adatum.com,elijah.morgan81@example.com,incoming,completed,received
Sample Email Subject 169,Sample Email Description169,12-01-2016,A. Datum Corporation,kevin@adatum.com,sophia.kelly70@example.com,incoming,completed,received
Sample Email Subject 170,Sample Email Description170,05-25-2023,A. Datum Corporation,kevin@adatum.com,logan.watson32@example.com,incoming,completed,received
Sample Email Subject 171,Sample Email Description171,08-06-2011,A. Datum Corporation,kevin@adatum.com,harper.barnes20@example.com,incoming,completed,received
Sample Email Subject 172,Sample Email Description172,08-16-2012,A. Datum Corporation,kevin@adatum.com,owen.brooks84@example.com,incoming,completed,received
Sample Email Subject 173,Sample Email Description173,03-27-2023,A. Datum Corporation,kevin@adatum.com,avery.fisher35@example.com,incoming,completed,received
Sample Email Subject 174,Sample Email Description174,03-11-2008,A. Datum Corporation,kevin@adatum.com,gabriel.kim55@example.com,incoming,completed,received
Sample Email Subject 175,Sample Email Description175,04-23-2014,A. Datum Corporation,kevin@adatum.com,madison.jones09@example.com,incoming,completed,received
Sample Email Subject 176,Sample Email Description176,07-18-2015,A. Datum Corporation,kevin@adatum.com,nathan.ward57@example.com,incoming,completed,received
Sample Email Subject 177,Sample Email Description177,08-25-2014,A. Datum Corporation,kevin@adatum.com,lily.moore41@example.com,incoming,completed,received
Sample Email Subject 178,Sample Email Description178,07-15-2007,A. Datum Corporation,kevin@adatum.com,zachary.wright67@example.com,incoming,completed,received
Sample Email Subject 179,Sample Email Description179,05-01-2022,A. Datum Corporation,kevin@adatum.com,mila.campbell26@example.com,incoming,completed,received
Sample Email Subject 180,Sample Email Description180,02-19-2015,A. Datum Corporation,kevin@adatum.com,lucas.evans79@example.com,incoming,completed,received
Sample Email Subject 181,Sample Email Description181,08-31-2007,A. Datum Corporation,kevin@adatum.com,evelyn.morris40@example.com,incoming,completed,received
Sample Email Subject 182,Sample Email Description182,04-19-2018,A. Datum Corporation,kevin@adatum.com,carter.wood61@example.com,incoming,completed,received
Sample Email Subject 183,Sample Email Description183,07-28-2006,A. Datum Corporation,kevin@adatum.com,stella.king16@example.com,incoming,completed,received
Sample Email Subject 184,Sample Email Description184,04-27-2015,A. Datum Corporation,kevin@adatum.com,benjamin.carter88@example.com,incoming,completed,received
Sample Email Subject 185,Sample Email Description185,11-10-2010,A. Datum Corporation,kevin@adatum.com,charlotte.green08@example.com,incoming,completed,received
Sample Email Subject 186,Sample Email Description186,12-06-2019,A. Datum Corporation,kevin@adatum.com,michael.hill74@example.com,incoming,completed,received
Sample Email Subject 187,Sample Email Description187,08-08-2024,A. Datum Corporation,kevin@adatum.com,chloe.adams05@example.com,incoming,completed,received
Sample Email Subject 188,Sample Email Description188,01-23-2014,A. Datum Corporation,kevin@adatum.com,daniel.lee53@example.com,incoming,completed,received
Sample Email Subject 189,Sample Email Description189,07-21-2004,A. Datum Corporation,kevin@adatum.com,ellie.turner38@example.com,incoming,completed,received
Sample Email Subject 190,Sample Email Description190,05-15-2003,A. Datum Corporation,kevin@adatum.com,jackson.mitchell92@example.com,incoming,completed,received
Sample Email Subject 191,Sample Email Description191,03-24-2012,A. Datum Corporation,kevin@adatum.com,emily.parker04@example.com,incoming,completed,received
Sample Email Subject 192,Sample Email Description192,06-03-2014,A. Datum Corporation,kevin@adatum.com,liam.harris52@example.com,incoming,completed,received
Sample Email Subject 193,Sample Email Description193,04-29-2023,A. Datum Corporation,kevin@adatum.com,abigail.white43@example.com,incoming,completed,received
Sample Email Subject 194,Sample Email Description194,02-06-2012,A. Datum Corporation,kevin@adatum.com,oliver.thomas02@example.com,incoming,completed,received
Sample Email Subject 195,Sample Email Description195,03-28-2005,A. Datum Corporation,kevin@adatum.com,amelia.lee65@example.com,incoming,completed,received
Sample Email Subject 196,Sample Email Description196,03-22-2010,A. Datum Corporation,kevin@adatum.com,sophia.jones18@example.com,incoming,completed,received
Sample Email Subject 197,Sample Email Description197,05-11-2010,A. Datum Corporation,kevin@adatum.com,ethan.wilson69@example.com,incoming,completed,received
Sample Email Subject 198,Sample Email Description198,01-24-2015,A. Datum Corporation,kevin@adatum.com,grace.campbell01@example.com,incoming,completed,received
Sample Email Subject 199,Sample Email Description199,02-16-2023,A. Datum Corporation,kevin@adatum.com,james.martin90@example.com,incoming,completed,received
Sample Email Subject 200,Sample Email Description200,06-18-2005,A. Datum Corporation,kevin@adatum.com,mia.robinson75@example.com,incoming,completed,received
Sample Email Subject 201,Sample Email Description201,06-21-2011,A. Datum Corporation,kevin@adatum.com,alex.wayne74@example.com,incoming,completed,received
Sample Email Subject 202,Sample Email Description202,07-11-2004,A. Datum Corporation,kevin@adatum.com,linda.rivers88@example.com,incoming,completed,received
Sample Email Subject 203,Sample Email Description203,05-20-2014,A. Datum Corporation,kevin@adatum.com,samuel.turner13@example.com,incoming,completed,received
Sample Email Subject 204,Sample Email Description204,06-09-2018,A. Datum Corporation,kevin@adatum.com,sophia.green92@example.com,incoming,completed,received
Sample Email Subject 205,Sample Email Description205,12-07-2021,A. Datum Corporation,kevin@adatum.com,michael.brown47@example.com,incoming,completed,received
Sample Email Subject 206,Sample Email Description206,09-10-2014,A. Datum Corporation,kevin@adatum.com,emily.walters56@example.com,incoming,completed,received
Sample Email Subject 207,Sample Email Description207,10-31-2021,A. Datum Corporation,kevin@adatum.com,daniel.smith33@example.com,incoming,completed,received
Sample Email Subject 208,Sample Email Description208,11-27-2004,A. Datum Corporation,kevin@adatum.com,olivia.morris71@example.com,incoming,completed,received
Sample Email Subject 209,Sample Email Description209,07-14-2022,A. Datum Corporation,kevin@adatum.com,james.white21@example.com,incoming,completed,received
Sample Email Subject 210,Sample Email Description210,10-17-2018,A. Datum Corporation,kevin@adatum.com,mia.miller65@example.com,incoming,completed,received
Sample Email Subject 211,Sample Email Description211,12-11-2023,A. Datum Corporation,kevin@adatum.com,william.jones82@example.com,incoming,completed,received
Sample Email Subject 212,Sample Email Description212,04-19-2011,A. Datum Corporation,kevin@adatum.com,ava.james39@example.com,incoming,completed,received
Sample Email Subject 213,Sample Email Description213,03-05-2024,A. Datum Corporation,kevin@adatum.com,benjamin.moore54@example.com,incoming,completed,received
Sample Email Subject 214,Sample Email Description214,05-10-2012,A. Datum Corporation,kevin@adatum.com,isabella.thompson14@example.com,incoming,completed,received
Sample Email Subject 215,Sample Email Description215,07-30-2008,A. Datum Corporation,kevin@adatum.com,ethan.anderson29@example.com,incoming,completed,received
Sample Email Subject 216,Sample Email Description216,08-05-2023,A. Datum Corporation,kevin@adatum.com,amelia.harris60@example.com,incoming,completed,received
Sample Email Subject 217,Sample Email Description217,12-15-2006,A. Datum Corporation,kevin@adatum.com,alexander.wright77@example.com,incoming,completed,received
Sample Email Subject 218,Sample Email Description218,01-16-2011,A. Datum Corporation,kevin@adatum.com,harper.martin30@example.com,incoming,completed,received
Sample Email Subject 219,Sample Email Description219,04-06-2022,A. Datum Corporation,kevin@adatum.com,matthew.clark89@example.com,incoming,completed,received
Sample Email Subject 220,Sample Email Description220,09-21-2011,A. Datum Corporation,kevin@adatum.com,ella.roberts43@example.com,incoming,completed,received
Sample Email Subject 221,Sample Email Description221,07-16-2008,A. Datum Corporation,kevin@adatum.com,anthony.lewis25@example.com,incoming,completed,received
Sample Email Subject 222,Sample Email Description222,10-25-2013,A. Datum Corporation,kevin@adatum.com,abigail.king50@example.com,incoming,completed,received
Sample Email Subject 223,Sample Email Description223,03-10-2013,A. Datum Corporation,kevin@adatum.com,joseph.walker68@example.com,incoming,completed,received
Sample Email Subject 224,Sample Email Description224,12-09-2016,A. Datum Corporation,kevin@adatum.com,scarlett.hill19@example.com,incoming,completed,received
Sample Email Subject 225,Sample Email Description225,09-28-2012,A. Datum Corporation,kevin@adatum.com,charles.green97@example.com,incoming,completed,received
Sample Email Subject 226,Sample Email Description226,10-02-2010,A. Datum Corporation,kevin@adatum.com,grace.allen34@example.com,incoming,completed,received
Sample Email Subject 227,Sample Email Description227,12-03-2011,A. Datum Corporation,kevin@adatum.com,aiden.hall73@example.com,incoming,completed,received
Sample Email Subject 228,Sample Email Description228,11-03-2003,A. Datum Corporation,kevin@adatum.com,zoe.young95@example.com,incoming,completed,received
Sample Email Subject 229,Sample Email Description229,12-11-2012,A. Datum Corporation,kevin@adatum.com,henry.scott48@example.com,incoming,completed,received
Sample Email Subject 230,Sample Email Description230,04-14-2022,A. Datum Corporation,kevin@adatum.com,lilly.adams23@example.com,incoming,completed,received
Sample Email Subject 231,Sample Email Description231,03-06-2011,A. Datum Corporation,kevin@adatum.com,jackson.carter87@example.com,incoming,completed,received
Sample Email Subject 232,Sample Email Description232,01-27-2015,A. Datum Corporation,kevin@adatum.com,riley.baker36@example.com,incoming,completed,received
Sample Email Subject 233,Sample Email Description233,04-24-2016,A. Datum Corporation,kevin@adatum.com,sebastian.turner62@example.com,incoming,completed,received
Sample Email Subject 234,Sample Email Description234,04-05-2003,A. Datum Corporation,kevin@adatum.com,lily.mitchell11@example.com,incoming,completed,received
Sample Email Subject 235,Sample Email Description235,03-09-2003,A. Datum Corporation,kevin@adatum.com,logan.williams28@example.com,incoming,completed,received
Sample Email Subject 236,Sample Email Description236,04-06-2011,A. Datum Corporation,kevin@adatum.com,chloe.evans76@example.com,incoming,completed,received
Sample Email Subject 237,Sample Email Description237,08-31-2003,A. Datum Corporation,kevin@adatum.com,mason.campbell22@example.com,incoming,completed,received
Sample Email Subject 238,Sample Email Description238,02-13-2024,A. Datum Corporation,kevin@adatum.com,lucas.wood85@example.com,incoming,completed,received
Sample Email Subject 239,Sample Email Description239,07-04-2003,A. Datum Corporation,kevin@adatum.com,ellie.bell45@example.com,incoming,completed,received
Sample Email Subject 240,Sample Email Description240,01-03-2014,A. Datum Corporation,kevin@adatum.com,leo.foster94@example.com,incoming,completed,received
Sample Email Subject 241,Sample Email Description241,12-20-2021,A. Datum Corporation,kevin@adatum.com,hannah.cooper58@example.com,incoming,completed,received
Sample Email Subject 242,Sample Email Description242,01-15-2009,A. Datum Corporation,kevin@adatum.com,ryan.morris10@example.com,incoming,completed,received
Sample Email Subject 243,Sample Email Description243,06-08-2006,A. Datum Corporation,kevin@adatum.com,eva.davis31@example.com,incoming,completed,received
Sample Email Subject 244,Sample Email Description244,12-31-2011,A. Datum Corporation,kevin@adatum.com,david.robinson66@example.com,incoming,completed,received
Sample Email Subject 245,Sample Email Description245,10-16-2021,A. Datum Corporation,kevin@adatum.com,aria.rivera09@example.com,incoming,completed,received
Sample Email Subject 246,Sample Email Description246,05-20-2003,A. Datum Corporation,kevin@adatum.com,nathan.price44@example.com,incoming,completed,received
Sample Email Subject 247,Sample Email Description247,02-26-2005,A. Datum Corporation,kevin@adatum.com,zoey.parker80@example.com,incoming,completed,received
Sample Email Subject 248,Sample Email Description248,04-14-2009,A. Datum Corporation,kevin@adatum.com,isaac.cook37@example.com,incoming,completed,received
Sample Email Subject 249,Sample Email Description249,12-23-2024,A. Datum Corporation,kevin@adatum.com,penelope.perry99@example.com,incoming,completed,received
Sample Email Subject 250,Sample Email Description250,07-04-2016,A. Datum Corporation,kevin@adatum.com,andrew.kelly07@example.com,incoming,completed,received
Sample Email Subject 251,Sample Email Description251,08-15-2004,A. Datum Corporation,kevin@adatum.com,elizabeth.bennett63@example.com,incoming,completed,received
Sample Email Subject 252,Sample Email Description252,05-22-2004,A. Datum Corporation,kevin@adatum.com,dylan.bailey17@example.com,incoming,completed,received
Sample Email Subject 253,Sample Email Description253,04-17-2004,A. Datum Corporation,kevin@adatum.com,paisley.reed78@example.com,incoming,completed,received
Sample Email Subject 254,Sample Email Description254,01-04-2005,A. Datum Corporation,kevin@adatum.com,gabriel.stewart27@example.com,incoming,completed,received
Sample Email Subject 255,Sample Email Description255,09-29-2023,A. Datum Corporation,kevin@adatum.com,stella.hayes91@example.com,incoming,completed,received
Sample Email Subject 256,Sample Email Description256,08-18-2017,A. Datum Corporation,kevin@adatum.com,jacob.gray46@example.com,incoming,completed,received
Sample Email Subject 257,Sample Email Description257,03-17-2014,A. Datum Corporation,kevin@adatum.com,willow.hughes53@example.com,incoming,completed,received
Sample Email Subject 258,Sample Email Description258,08-26-2018,A. Datum Corporation,kevin@adatum.com,caleb.murray15@example.com,incoming,completed,received
Sample Email Subject 259,Sample Email Description259,09-12-2023,A. Datum Corporation,kevin@adatum.com,addison.morgan64@example.com,incoming,completed,received
Sample Email Subject 260,Sample Email Description260,07-22-2020,A. Datum Corporation,kevin@adatum.com,john.cox12@example.com,incoming,completed,received
Sample Email Subject 261,Sample Email Description261,11-03-2014,A. Datum Corporation,kevin@adatum.com,aurora.ross72@example.com,incoming,completed,received
Sample Email Subject 262,Sample Email Description262,06-06-2010,A. Datum Corporation,kevin@adatum.com,jackson.reed59@example.com,incoming,completed,received
Sample Email Subject 263,Sample Email Description263,12-04-2012,A. Datum Corporation,kevin@adatum.com,nora.morris03@example.com,incoming,completed,received
Sample Email Subject 264,Sample Email Description264,01-31-2010,A. Datum Corporation,kevin@adatum.com,liam.ramirez42@example.com,incoming,completed,received
Sample Email Subject 265,Sample Email Description265,06-21-2023,A. Datum Corporation,kevin@adatum.com,zoey.howard98@example.com,incoming,completed,received
Sample Email Subject 266,Sample Email Description266,11-21-2019,A. Datum Corporation,kevin@adatum.com,julian.price49@example.com,incoming,completed,received
Sample Email Subject 267,Sample Email Description267,03-11-2023,A. Datum Corporation,kevin@adatum.com,savannah.richards24@example.com,incoming,completed,received
Sample Email Subject 268,Sample Email Description268,01-03-2008,A. Datum Corporation,kevin@adatum.com,elijah.morgan81@example.com,incoming,completed,received
Sample Email Subject 269,Sample Email Description269,10-30-2018,A. Datum Corporation,kevin@adatum.com,sophia.kelly70@example.com,incoming,completed,received
Sample Email Subject 270,Sample Email Description270,10-16-2023,A. Datum Corporation,kevin@adatum.com,logan.watson32@example.com,incoming,completed,received
Sample Email Subject 271,Sample Email Description271,08-22-2003,A. Datum Corporation,kevin@adatum.com,harper.barnes20@example.com,incoming,completed,received
Sample Email Subject 272,Sample Email Description272,07-16-2013,A. Datum Corporation,kevin@adatum.com,owen.brooks84@example.com,incoming,completed,received
Sample Email Subject 273,Sample Email Description273,01-27-2015,A. Datum Corporation,kevin@adatum.com,avery.fisher35@example.com,incoming,completed,received
Sample Email Subject 274,Sample Email Description274,10-09-2019,A. Datum Corporation,kevin@adatum.com,gabriel.kim55@example.com,incoming,completed,received
Sample Email Subject 275,Sample Email Description275,12-09-2008,A. Datum Corporation,kevin@adatum.com,madison.jones09@example.com,incoming,completed,received
Sample Email Subject 276,Sample Email Description276,05-16-2009,A. Datum Corporation,kevin@adatum.com,nathan.ward57@example.com,incoming,completed,received
Sample Email Subject 277,Sample Email Description277,01-25-2003,A. Datum Corporation,kevin@adatum.com,lily.moore41@example.com,incoming,completed,received
Sample Email Subject 278,Sample Email Description278,11-02-2005,A. Datum Corporation,kevin@adatum.com,zachary.wright67@example.com,incoming,completed,received
Sample Email Subject 279,Sample Email Description279,04-30-2019,A. Datum Corporation,kevin@adatum.com,mila.campbell26@example.com,incoming,completed,received
Sample Email Subject 280,Sample Email Description280,03-25-2024,A. Datum Corporation,kevin@adatum.com,lucas.evans79@example.com,incoming,completed,received
Sample Email Subject 281,Sample Email Description281,01-27-2003,A. Datum Corporation,kevin@adatum.com,evelyn.morris40@example.com,incoming,completed,received
Sample Email Subject 282,Sample Email Description282,12-22-2012,A. Datum Corporation,kevin@adatum.com,carter.wood61@example.com,incoming,completed,received
Sample Email Subject 283,Sample Email Description283,07-27-2004,A. Datum Corporation,kevin@adatum.com,stella.king16@example.com,incoming,completed,received
Sample Email Subject 284,Sample Email Description284,07-11-2016,A. Datum Corporation,kevin@adatum.com,benjamin.carter88@example.com,incoming,completed,received
Sample Email Subject 285,Sample Email Description285,10-27-2010,A. Datum Corporation,kevin@adatum.com,charlotte.green08@example.com,incoming,completed,received
Sample Email Subject 286,Sample Email Description286,10-03-2012,A. Datum Corporation,kevin@adatum.com,michael.hill74@example.com,incoming,completed,received
Sample Email Subject 287,Sample Email Description287,12-12-2018,A. Datum Corporation,kevin@adatum.com,chloe.adams05@example.com,incoming,completed,received
Sample Email Subject 288,Sample Email Description288,10-13-2016,A. Datum Corporation,kevin@adatum.com,daniel.lee53@example.com,incoming,completed,received
Sample Email Subject 289,Sample Email Description289,09-16-2016,A. Datum Corporation,kevin@adatum.com,ellie.turner38@example.com,incoming,completed,received
Sample Email Subject 290,Sample Email Description290,04-09-2016,A. Datum Corporation,kevin@adatum.com,jackson.mitchell92@example.com,incoming,completed,received
Sample Email Subject 291,Sample Email Description291,12-18-2009,A. Datum Corporation,kevin@adatum.com,emily.parker04@example.com,incoming,completed,received
Sample Email Subject 292,Sample Email Description292,11-26-2020,A. Datum Corporation,kevin@adatum.com,liam.harris52@example.com,incoming,completed,received
Sample Email Subject 293,Sample Email Description293,05-04-2011,A. Datum Corporation,kevin@adatum.com,abigail.white43@example.com,incoming,completed,received
Sample Email Subject 294,Sample Email Description294,09-16-2016,A. Datum Corporation,kevin@adatum.com,oliver.thomas02@example.com,incoming,completed,received
Sample Email Subject 295,Sample Email Description295,12-08-2014,A. Datum Corporation,kevin@adatum.com,amelia.lee65@example.com,incoming,completed,received
Sample Email Subject 296,Sample Email Description296,07-15-2005,A. Datum Corporation,kevin@adatum.com,sophia.jones18@example.com,incoming,completed,received
Sample Email Subject 297,Sample Email Description297,05-14-2014,A. Datum Corporation,kevin@adatum.com,ethan.wilson69@example.com,incoming,completed,received
Sample Email Subject 298,Sample Email Description298,06-30-2006,A. Datum Corporation,kevin@adatum.com,grace.campbell01@example.com,incoming,completed,received
Sample Email Subject 299,Sample Email Description299,02-14-2021,A. Datum Corporation,kevin@adatum.com,james.martin90@example.com,incoming,completed,received
Sample Email Subject 300,Sample Email Description300,10-10-2015,A. Datum Corporation,kevin@adatum.com,mia.robinson75@example.com,incoming,completed,received
Sample Email Subject 301,Sample Email Description301,05-31-2010,A. Datum Corporation,kevin@adatum.com,alex.wayne74@example.com,incoming,completed,received
Sample Email Subject 302,Sample Email Description302,03-15-2016,A. Datum Corporation,kevin@adatum.com,linda.rivers88@example.com,incoming,completed,received
Sample Email Subject 303,Sample Email Description303,10-18-2024,A. Datum Corporation,kevin@adatum.com,samuel.turner13@example.com,incoming,completed,received
Sample Email Subject 304,Sample Email Description304,06-06-2019,A. Datum Corporation,kevin@adatum.com,sophia.green92@example.com,incoming,completed,received
Sample Email Subject 305,Sample Email Description305,10-06-2004,A. Datum Corporation,kevin@adatum.com,michael.brown47@example.com,incoming,completed,received
Sample Email Subject 306,Sample Email Description306,08-25-2015,A. Datum Corporation,kevin@adatum.com,emily.walters56@example.com,incoming,completed,received
Sample Email Subject 307,Sample Email Description307,01-23-2010,A. Datum Corporation,kevin@adatum.com,daniel.smith33@example.com,incoming,completed,received
Sample Email Subject 308,Sample Email Description308,08-23-2003,A. Datum Corporation,kevin@adatum.com,olivia.morris71@example.com,incoming,completed,received
Sample Email Subject 309,Sample Email Description309,12-31-2008,A. Datum Corporation,kevin@adatum.com,james.white21@example.com,incoming,completed,received
Sample Email Subject 310,Sample Email Description310,09-12-2007,A. Datum Corporation,kevin@adatum.com,mia.miller65@example.com,incoming,completed,received
Sample Email Subject 311,Sample Email Description311,07-24-2016,A. Datum Corporation,kevin@adatum.com,william.jones82@example.com,incoming,completed,received
Sample Email Subject 312,Sample Email Description312,11-23-2004,A. Datum Corporation,kevin@adatum.com,ava.james39@example.com,incoming,completed,received
Sample Email Subject 313,Sample Email Description313,05-08-2014,A. Datum Corporation,kevin@adatum.com,benjamin.moore54@example.com,incoming,completed,received
Sample Email Subject 314,Sample Email Description314,12-09-2017,A. Datum Corporation,kevin@adatum.com,isabella.thompson14@example.com,incoming,completed,received
Sample Email Subject 315,Sample Email Description315,04-16-2008,A. Datum Corporation,kevin@adatum.com,ethan.anderson29@example.com,incoming,completed,received
Sample Email Subject 316,Sample Email Description316,06-26-2015,A. Datum Corporation,kevin@adatum.com,amelia.harris60@example.com,incoming,completed,received
Sample Email Subject 317,Sample Email Description317,12-23-2023,A. Datum Corporation,kevin@adatum.com,alexander.wright77@example.com,incoming,completed,received
Sample Email Subject 318,Sample Email Description318,11-09-2018,A. Datum Corporation,kevin@adatum.com,harper.martin30@example.com,incoming,completed,received
Sample Email Subject 319,Sample Email Description319,02-16-2013,A. Datum Corporation,kevin@adatum.com,matthew.clark89@example.com,incoming,completed,received
Sample Email Subject 320,Sample Email Description320,12-27-2020,A. Datum Corporation,kevin@adatum.com,ella.roberts43@example.com,incoming,completed,received
Sample Email Subject 321,Sample Email Description321,04-16-2022,A. Datum Corporation,kevin@adatum.com,anthony.lewis25@example.com,incoming,completed,received
Sample Email Subject 322,Sample Email Description322,09-09-2018,A. Datum Corporation,kevin@adatum.com,abigail.king50@example.com,incoming,completed,received
Sample Email Subject 323,Sample Email Description323,03-12-2023,A. Datum Corporation,kevin@adatum.com,joseph.walker68@example.com,incoming,completed,received
Sample Email Subject 324,Sample Email Description324,08-28-2021,A. Datum Corporation,kevin@adatum.com,scarlett.hill19@example.com,incoming,completed,received
Sample Email Subject 325,Sample Email Description325,05-08-2004,A. Datum Corporation,kevin@adatum.com,charles.green97@example.com,incoming,completed,received
Sample Email Subject 326,Sample Email Description326,05-01-2015,A. Datum Corporation,kevin@adatum.com,grace.allen34@example.com,incoming,completed,received
Sample Email Subject 327,Sample Email Description327,07-27-2022,A. Datum Corporation,kevin@adatum.com,aiden.hall73@example.com,incoming,completed,received
Sample Email Subject 328,Sample Email Description328,03-30-2005,A. Datum Corporation,kevin@adatum.com,zoe.young95@example.com,incoming,completed,received
Sample Email Subject 329,Sample Email Description329,03-03-2010,A. Datum Corporation,kevin@adatum.com,henry.scott48@example.com,incoming,completed,received
Sample Email Subject 330,Sample Email Description330,01-16-2023,A. Datum Corporation,kevin@adatum.com,lilly.adams23@example.com,incoming,completed,received
Sample Email Subject 331,Sample Email Description331,08-16-2023,A. Datum Corporation,kevin@adatum.com,jackson.carter87@example.com,incoming,completed,received
Sample Email Subject 332,Sample Email Description332,05-10-2015,A. Datum Corporation,kevin@adatum.com,riley.baker36@example.com,incoming,completed,received
Sample Email Subject 333,Sample Email Description333,04-18-2019,A. Datum Corporation,kevin@adatum.com,sebastian.turner62@example.com,incoming,completed,received
Sample Email Subject 334,Sample Email Description334,05-31-2023,A. Datum Corporation,kevin@adatum.com,lily.mitchell11@example.com,incoming,completed,received
Sample Email Subject 335,Sample Email Description335,05-19-2004,A. Datum Corporation,kevin@adatum.com,logan.williams28@example.com,incoming,completed,received
Sample Email Subject 336,Sample Email Description336,05-19-2011,A. Datum Corporation,kevin@adatum.com,chloe.evans76@example.com,incoming,completed,received
Sample Email Subject 337,Sample Email Description337,02-08-2022,A. Datum Corporation,kevin@adatum.com,mason.campbell22@example.com,incoming,completed,received
Sample Email Subject 338,Sample Email Description338,04-22-2017,A. Datum Corporation,kevin@adatum.com,lucas.wood85@example.com,incoming,completed,received
Sample Email Subject 339,Sample Email Description339,09-09-2008,A. Datum Corporation,kevin@adatum.com,ellie.bell45@example.com,incoming,completed,received
Sample Email Subject 340,Sample Email Description340,11-25-2014,A. Datum Corporation,kevin@adatum.com,leo.foster94@example.com,incoming,completed,received
Sample Email Subject 341,Sample Email Description341,10-02-2012,A. Datum Corporation,kevin@adatum.com,hannah.cooper58@example.com,incoming,completed,received
Sample Email Subject 342,Sample Email Description342,09-29-2014,A. Datum Corporation,kevin@adatum.com,ryan.morris10@example.com,incoming,completed,received
Sample Email Subject 343,Sample Email Description343,11-16-2004,A. Datum Corporation,kevin@adatum.com,eva.davis31@example.com,incoming,completed,received
Sample Email Subject 344,Sample Email Description344,04-20-2018,A. Datum Corporation,kevin@adatum.com,david.robinson66@example.com,incoming,completed,received
Sample Email Subject 345,Sample Email Description345,07-10-2013,A. Datum Corporation,kevin@adatum.com,aria.rivera09@example.com,incoming,completed,received
Sample Email Subject 346,Sample Email Description346,02-06-2019,A. Datum Corporation,kevin@adatum.com,nathan.price44@example.com,incoming,completed,received
Sample Email Subject 347,Sample Email Description347,01-08-2008,A. Datum Corporation,kevin@adatum.com,zoey.parker80@example.com,incoming,completed,received
Sample Email Subject 348,Sample Email Description348,04-04-2020,A. Datum Corporation,kevin@adatum.com,isaac.cook37@example.com,incoming,completed,received
Sample Email Subject 349,Sample Email Description349,07-12-2009,A. Datum Corporation,kevin@adatum.com,penelope.perry99@example.com,incoming,completed,received
Sample Email Subject 350,Sample Email Description350,01-11-2010,A. Datum Corporation,kevin@adatum.com,andrew.kelly07@example.com,incoming,completed,received
